{"type":"FeatureCollection","features":[{"type":"Feature","id":0,"geometry":{"type":"Point","coordinates":[23.870713130743578,42.327766804617205]},"properties":{"FID":0,"EKATTE":"50245","Suffix_bg":"гр","Name_bg":"Момин проход","Descr_bg":"град","Suffix_en":"t.","Name_en":"Momin prohod","Descr_en":"town","District_c":"SFO","Mun_code":"SFO25","KMETSTVO":"SFO25-00","Mun_name":"Костенец"}},{"type":"Feature","id":1,"geometry":{"type":"Point","coordinates":[23.565790742082548,42.763753374159521]},"properties":{"FID":1,"EKATTE":"07140","Suffix_bg":"гр","Name_bg":"Бухово","Descr_bg":"град","Suffix_en":"t.","Name_en":"Buhovo","Descr_en":"town","District_c":"SOF","Mun_code":"SOF46","KMETSTVO":"SOF46-49","Mun_name":"Столична"}},{"type":"Feature","id":2,"geometry":{"type":"Point","coordinates":[23.816363228199901,42.437376564083237]},"properties":{"FID":2,"EKATTE":"32901","Suffix_bg":"гр","Name_bg":"Ихтиман","Descr_bg":"град","Suffix_en":"t.","Name_en":"Ihtiman","Descr_en":"town","District_c":"SFO","Mun_code":"SFO20","KMETSTVO":"SFO20-00","Mun_name":"Ихтиман"}},{"type":"Feature","id":3,"geometry":{"type":"Point","coordinates":[22.929660959870215,42.92171375484719]},"properties":{"FID":3,"EKATTE":"23409","Suffix_bg":"гр","Name_bg":"Драгоман","Descr_bg":"град","Suffix_en":"t.","Name_en":"Dragoman","Descr_en":"town","District_c":"SFO","Mun_code":"SFO16","KMETSTVO":"SFO16-00","Mun_name":"Драгоман"}},{"type":"Feature","id":4,"geometry":{"type":"Point","coordinates":[23.562882640663577,41.947845969281772]},"properties":{"FID":4,"EKATTE":"03504","Suffix_bg":"гр","Name_bg":"Белица","Descr_bg":"град","Suffix_en":"t.","Name_en":"Belitsa","Descr_en":"town","District_c":"BLG","Mun_code":"BLG02","KMETSTVO":"BLG02-00","Mun_name":"Белица"}},{"type":"Feature","id":5,"geometry":{"type":"Point","coordinates":[23.563445446754869,41.820999372764248]},"properties":{"FID":5,"EKATTE":"21498","Suffix_bg":"гр","Name_bg":"Добринище","Descr_bg":"град","Suffix_en":"t.","Name_en":"Dobrinishte","Descr_en":"town","District_c":"BLG","Mun_code":"BLG01","KMETSTVO":"BLG01-02","Mun_name":"Банско"}},{"type":"Feature","id":6,"geometry":{"type":"Point","coordinates":[23.729077122572413,41.573684164328434]},"properties":{"FID":6,"EKATTE":"17395","Suffix_bg":"гр","Name_bg":"Гоце Делчев","Descr_bg":"град","Suffix_en":"t.","Name_en":"Gotse Delchev","Descr_en":"town","District_c":"BLG","Mun_code":"BLG11","KMETSTVO":"BLG11-00","Mun_name":"Гоце Делче"}},{"type":"Feature","id":7,"geometry":{"type":"Point","coordinates":[23.852604228592622,41.515505868004965]},"properties":{"FID":7,"EKATTE":"77058","Suffix_bg":"гр","Name_bg":"Хаджидимово","Descr_bg":"град","Suffix_en":"t.","Name_en":"Hadzhidimovo","Descr_en":"town","District_c":"BLG","Mun_code":"BLG52","KMETSTVO":"BLG52-00","Mun_name":"Хаджидимов"}},{"type":"Feature","id":8,"geometry":{"type":"Point","coordinates":[23.206856514700281,41.398129395682481]},"properties":{"FID":8,"EKATTE":"56126","Suffix_bg":"гр","Name_bg":"Петрич","Descr_bg":"град","Suffix_en":"t.","Name_en":"Petrich","Descr_en":"town","District_c":"BLG","Mun_code":"BLG33","KMETSTVO":"BLG33-00","Mun_name":"Петрич"}},{"type":"Feature","id":9,"geometry":{"type":"Point","coordinates":[23.391048583433093,41.522791635533594]},"properties":{"FID":9,"EKATTE":"47754","Suffix_bg":"гр","Name_bg":"Мелник","Descr_bg":"град","Suffix_en":"t.","Name_en":"Melnik","Descr_en":"town","District_c":"BLG","Mun_code":"BLG40","KMETSTVO":"BLG40-28","Mun_name":"Сандански"}},{"type":"Feature","id":10,"geometry":{"type":"Point","coordinates":[23.282287063447264,41.56809802353952]},"properties":{"FID":10,"EKATTE":"65334","Suffix_bg":"гр","Name_bg":"Сандански","Descr_bg":"град","Suffix_en":"t.","Name_en":"Sandanski","Descr_en":"town","District_c":"BLG","Mun_code":"BLG40","KMETSTVO":"BLG40-00","Mun_name":"Сандански"}},{"type":"Feature","id":11,"geometry":{"type":"Point","coordinates":[23.111668048493243,41.891430851985035]},"properties":{"FID":11,"EKATTE":"66460","Suffix_bg":"гр","Name_bg":"Симитли","Descr_bg":"град","Suffix_en":"t.","Name_en":"Simitli","Descr_en":"town","District_c":"BLG","Mun_code":"BLG44","KMETSTVO":"BLG44-00","Mun_name":"Симитли"}},{"type":"Feature","id":12,"geometry":{"type":"Point","coordinates":[23.160750084759425,41.720165993943105]},"properties":{"FID":12,"EKATTE":"14492","Suffix_bg":"гр","Name_bg":"Кресна","Descr_bg":"град","Suffix_en":"t.","Name_en":"Kresna","Descr_en":"town","District_c":"BLG","Mun_code":"BLG28","KMETSTVO":"BLG28-00","Mun_name":"Кресна"}},{"type":"Feature","id":13,"geometry":{"type":"Point","coordinates":[23.48880058926137,41.838468583219658]},"properties":{"FID":13,"EKATTE":"02676","Suffix_bg":"гр","Name_bg":"Банско","Descr_bg":"град","Suffix_en":"t.","Name_en":"Bansko","Descr_en":"town","District_c":"BLG","Mun_code":"BLG01","KMETSTVO":"BLG01-00","Mun_name":"Банско"}},{"type":"Feature","id":14,"geometry":{"type":"Point","coordinates":[23.468033447424741,41.886514956205779]},"properties":{"FID":14,"EKATTE":"61813","Suffix_bg":"гр","Name_bg":"Разлог","Descr_bg":"град","Suffix_en":"t.","Name_en":"Razlog","Descr_en":"town","District_c":"BLG","Mun_code":"BLG37","KMETSTVO":"BLG37-00","Mun_name":"Разлог"}},{"type":"Feature","id":15,"geometry":{"type":"Point","coordinates":[23.321725836680802,42.697885778788411]},"properties":{"FID":15,"EKATTE":"68134","Suffix_bg":"гр","Name_bg":"София","Descr_bg":"град","Suffix_en":"t.","Name_en":"Sofia","Descr_en":"town","District_c":"SOF","Mun_code":"SOF46","KMETSTVO":"SOF46-00","Mun_name":"Столична"}},{"type":"Feature","id":16,"geometry":{"type":"Point","coordinates":[23.353764143258779,42.822573840624358]},"properties":{"FID":16,"EKATTE":"00357","Suffix_bg":"гр","Name_bg":"Нови Искър","Descr_bg":"град","Suffix_en":"t.","Name_en":"Novi Iskar","Descr_en":"town","District_c":"SOF","Mun_code":"SOF46","KMETSTVO":"SOF46-00","Mun_name":"Столична"}},{"type":"Feature","id":17,"geometry":{"type":"Point","coordinates":[24.440239842075911,43.408945435530057]},"properties":{"FID":17,"EKATTE":"22407","Suffix_bg":"гр","Name_bg":"Долни Дъбник","Descr_bg":"град","Suffix_en":"t.","Name_en":"Dolni Dabnik","Descr_en":"town","District_c":"PVN","Mun_code":"PVN11","KMETSTVO":"PVN11-00","Mun_name":"Долни Дъбн"}},{"type":"Feature","id":18,"geometry":{"type":"Point","coordinates":[24.520057041044058,43.468106224718127]},"properties":{"FID":18,"EKATTE":"22215","Suffix_bg":"гр","Name_bg":"Долна Митропо","Descr_bg":"град","Suffix_en":"t.","Name_en":"Dolna mitropoliya","Descr_en":"town","District_c":"PVN","Mun_code":"PVN10","KMETSTVO":"PVN10-00","Mun_name":"Долна Митр"}},{"type":"Feature","id":19,"geometry":{"type":"Point","coordinates":[24.69043717778316,43.637064702659309]},"properties":{"FID":19,"EKATTE":"18099","Suffix_bg":"гр","Name_bg":"Гулянци","Descr_bg":"град","Suffix_en":"t.","Name_en":"Gulyantsi","Descr_en":"town","District_c":"PVN","Mun_code":"PVN08","KMETSTVO":"PVN08-00","Mun_name":"Гулянци"}},{"type":"Feature","id":20,"geometry":{"type":"Point","coordinates":[24.61691606415032,43.413187758434006]},"properties":{"FID":20,"EKATTE":"56722","Suffix_bg":"гр","Name_bg":"Плевен","Descr_bg":"град","Suffix_en":"t.","Name_en":"Pleven","Descr_en":"town","District_c":"PVN","Mun_code":"PVN24","KMETSTVO":"PVN24-00","Mun_name":"Плевен"}},{"type":"Feature","id":21,"geometry":{"type":"Point","coordinates":[23.198845534894428,42.762715110018561]},"properties":{"FID":21,"EKATTE":"05027","Suffix_bg":"гр","Name_bg":"Божурище","Descr_bg":"град","Suffix_en":"t.","Name_en":"Bozhurishte","Descr_en":"town","District_c":"SFO","Mun_code":"SFO06","KMETSTVO":"SFO06-00","Mun_name":"Божурище"}},{"type":"Feature","id":22,"geometry":{"type":"Point","coordinates":[23.216792461676278,42.810131954026986]},"properties":{"FID":22,"EKATTE":"38978","Suffix_bg":"гр","Name_bg":"Костинброд","Descr_bg":"град","Suffix_en":"t.","Name_en":"Kostinbrod","Descr_en":"town","District_c":"SFO","Mun_code":"SFO26","KMETSTVO":"SFO26-00","Mun_name":"Костинброд"}},{"type":"Feature","id":23,"geometry":{"type":"Point","coordinates":[23.147239427072559,42.706944709229731]},"properties":{"FID":23,"EKATTE":"02659","Suffix_bg":"гр","Name_bg":"Банкя","Descr_bg":"град","Suffix_en":"t.","Name_en":"Bankya","Descr_en":"town","District_c":"SOF","Mun_code":"SOF46","KMETSTVO":"SOF46-00","Mun_name":"Столична"}},{"type":"Feature","id":24,"geometry":{"type":"Point","coordinates":[23.038311376161939,42.851542256488898]},"properties":{"FID":24,"EKATTE":"67372","Suffix_bg":"гр","Name_bg":"Сливница","Descr_bg":"град","Suffix_en":"t.","Name_en":"Slivnitsa","Descr_en":"town","District_c":"SFO","Mun_code":"SFO45","KMETSTVO":"SFO45-00","Mun_name":"Сливница"}},{"type":"Feature","id":25,"geometry":{"type":"Point","coordinates":[23.352677195556261,42.959841130500209]},"properties":{"FID":25,"EKATTE":"65869","Suffix_bg":"гр","Name_bg":"Своге","Descr_bg":"град","Suffix_en":"t.","Name_en":"Svoge","Descr_en":"town","District_c":"SFO","Mun_code":"SFO43","KMETSTVO":"SFO43-00","Mun_name":"Своге"}},{"type":"Feature","id":26,"geometry":{"type":"Point","coordinates":[23.992376393233286,42.828795997013721]},"properties":{"FID":26,"EKATTE":"27632","Suffix_bg":"гр","Name_bg":"Етрополе","Descr_bg":"град","Suffix_en":"t.","Name_en":"Etropole","Descr_en":"town","District_c":"SFO","Mun_code":"SFO18","KMETSTVO":"SFO18-00","Mun_name":"Етрополе"}},{"type":"Feature","id":27,"geometry":{"type":"Point","coordinates":[23.793661224274448,42.907277565378443]},"properties":{"FID":27,"EKATTE":"05815","Suffix_bg":"гр","Name_bg":"Ботевград","Descr_bg":"град","Suffix_en":"t.","Name_en":"Botevgrad","Descr_en":"town","District_c":"SFO","Mun_code":"SFO07","KMETSTVO":"SFO07-00","Mun_name":"Ботевград"}},{"type":"Feature","id":28,"geometry":{"type":"Point","coordinates":[23.918910357652074,42.89400994600345]},"properties":{"FID":28,"EKATTE":"58030","Suffix_bg":"гр","Name_bg":"Правец","Descr_bg":"град","Suffix_en":"t.","Name_en":"Pravets","Descr_en":"town","District_c":"SFO","Mun_code":"SFO34","KMETSTVO":"SFO34-00","Mun_name":"Правец"}},{"type":"Feature","id":29,"geometry":{"type":"Point","coordinates":[22.955252715723489,42.600634938707472]},"properties":{"FID":29,"EKATTE":"72223","Suffix_bg":"гр","Name_bg":"Батановци","Descr_bg":"град","Suffix_en":"t.","Name_en":"Batanovtsi","Descr_en":"town","District_c":"PER","Mun_code":"PER32","KMETSTVO":"PER32-18","Mun_name":"Перник"}},{"type":"Feature","id":30,"geometry":{"type":"Point","coordinates":[23.002018367959831,42.150458660870093]},"properties":{"FID":30,"EKATTE":"04532","Suffix_bg":"гр","Name_bg":"Бобошево","Descr_bg":"град","Suffix_en":"t.","Name_en":"Boboshevo","Descr_en":"town","District_c":"KNL","Mun_code":"KNL05","KMETSTVO":"KNL05-00","Mun_name":"Бобошево"}},{"type":"Feature","id":31,"geometry":{"type":"Point","coordinates":[23.101484920017327,42.020040193794699]},"properties":{"FID":31,"EKATTE":"04279","Suffix_bg":"гр","Name_bg":"Благоевград","Descr_bg":"град","Suffix_en":"t.","Name_en":"Blagoevgrad","Descr_en":"town","District_c":"BLG","Mun_code":"BLG03","KMETSTVO":"BLG03-00","Mun_name":"Благоевгра"}},{"type":"Feature","id":32,"geometry":{"type":"Point","coordinates":[23.056548578370705,42.08515784392938]},"properties":{"FID":32,"EKATTE":"39116","Suffix_bg":"гр","Name_bg":"Кочериново","Descr_bg":"град","Suffix_en":"t.","Name_en":"Kocherinovo","Descr_en":"town","District_c":"KNL","Mun_code":"KNL27","KMETSTVO":"KNL27-00","Mun_name":"Кочериново"}},{"type":"Feature","id":33,"geometry":{"type":"Point","coordinates":[23.118524552233453,42.264964565380509]},"properties":{"FID":33,"EKATTE":"68789","Suffix_bg":"гр","Name_bg":"Дупница","Descr_bg":"град","Suffix_en":"t.","Name_en":"Dupnitsa","Descr_en":"town","District_c":"KNL","Mun_code":"KNL48","KMETSTVO":"KNL48-00","Mun_name":"Дупница"}},{"type":"Feature","id":34,"geometry":{"type":"Point","coordinates":[23.258858961663098,42.287419671436687]},"properties":{"FID":34,"EKATTE":"65365","Suffix_bg":"гр","Name_bg":"Сапарева баня","Descr_bg":"град","Suffix_en":"t.","Name_en":"Sapareva banya","Descr_en":"town","District_c":"KNL","Mun_code":"KNL41","KMETSTVO":"KNL41-00","Mun_name":"Сапарева б"}},{"type":"Feature","id":35,"geometry":{"type":"Point","coordinates":[23.132972325399436,42.126855348022282]},"properties":{"FID":35,"EKATTE":"62671","Suffix_bg":"гр","Name_bg":"Рила","Descr_bg":"град","Suffix_en":"t.","Name_en":"Rila","Descr_en":"town","District_c":"KNL","Mun_code":"KNL38","KMETSTVO":"KNL38-00","Mun_name":"Рила"}},{"type":"Feature","id":36,"geometry":{"type":"Point","coordinates":[22.687015364515155,42.279668393765192]},"properties":{"FID":36,"EKATTE":"41112","Suffix_bg":"гр","Name_bg":"Кюстендил","Descr_bg":"град","Suffix_en":"t.","Name_en":"Kyustendil","Descr_en":"town","District_c":"KNL","Mun_code":"KNL29","KMETSTVO":"KNL29-00","Mun_name":"Кюстендил"}},{"type":"Feature","id":37,"geometry":{"type":"Point","coordinates":[24.080615215599565,43.493071022100118]},"properties":{"FID":37,"EKATTE":"37376","Suffix_bg":"гр","Name_bg":"Кнежа","Descr_bg":"град","Suffix_en":"t.","Name_en":"Knezha","Descr_en":"town","District_c":"PVN","Mun_code":"PVN39","KMETSTVO":"PVN39-00","Mun_name":"Кнежа"}},{"type":"Feature","id":38,"geometry":{"type":"Point","coordinates":[24.143577007508728,43.355698978053084]},"properties":{"FID":38,"EKATTE":"37863","Suffix_bg":"гр","Name_bg":"Койнаре","Descr_bg":"град","Suffix_en":"t.","Name_en":"Koynare","Descr_en":"town","District_c":"PVN","Mun_code":"PVN37","KMETSTVO":"PVN37-05","Mun_name":"Червен бря"}},{"type":"Feature","id":39,"geometry":{"type":"Point","coordinates":[24.258317333347847,43.458487756648054]},"properties":{"FID":39,"EKATTE":"55782","Suffix_bg":"гр","Name_bg":"Искър","Descr_bg":"град","Suffix_en":"t.","Name_en":"Iskar","Descr_en":"town","District_c":"PVN","Mun_code":"PVN23","KMETSTVO":"PVN23-00","Mun_name":"Искър"}},{"type":"Feature","id":40,"geometry":{"type":"Point","coordinates":[24.471606395043803,43.520651369730103]},"properties":{"FID":40,"EKATTE":"73359","Suffix_bg":"гр","Name_bg":"Тръстеник","Descr_bg":"град","Suffix_en":"t.","Name_en":"Trastenik","Descr_en":"town","District_c":"PVN","Mun_code":"PVN10","KMETSTVO":"PVN10-15","Mun_name":"Долна Митр"}},{"type":"Feature","id":41,"geometry":{"type":"Point","coordinates":[25.052075257069959,43.308972122855863]},"properties":{"FID":41,"EKATTE":"43476","Suffix_bg":"гр","Name_bg":"Летница","Descr_bg":"град","Suffix_en":"t.","Name_en":"Letnitsa","Descr_en":"town","District_c":"LOV","Mun_code":"LOV17","KMETSTVO":"LOV17-00","Mun_name":"Летница"}},{"type":"Feature","id":42,"geometry":{"type":"Point","coordinates":[22.962288011113895,42.545716311704787]},"properties":{"FID":42,"EKATTE":"61577","Suffix_bg":"гр","Name_bg":"Радомир","Descr_bg":"град","Suffix_en":"t.","Name_en":"Radomir","Descr_en":"town","District_c":"PER","Mun_code":"PER36","KMETSTVO":"PER36-00","Mun_name":"Радомир"}},{"type":"Feature","id":43,"geometry":{"type":"Point","coordinates":[22.747243154646011,42.477820664937042]},"properties":{"FID":43,"EKATTE":"30778","Suffix_bg":"гр","Name_bg":"Земен","Descr_bg":"град","Suffix_en":"t.","Name_en":"Zemen","Descr_en":"town","District_c":"PER","Mun_code":"PER19","KMETSTVO":"PER19-00","Mun_name":"Земен"}},{"type":"Feature","id":44,"geometry":{"type":"Point","coordinates":[23.6693122980958,42.018360094602421]},"properties":{"FID":44,"EKATTE":"87338","Suffix_bg":"гр","Name_bg":"Якоруда","Descr_bg":"град","Suffix_en":"t.","Name_en":"Yakoruda","Descr_en":"town","District_c":"BLG","Mun_code":"BLG53","KMETSTVO":"BLG53-00","Mun_name":"Якоруда"}},{"type":"Feature","id":45,"geometry":{"type":"Point","coordinates":[23.760213757323257,42.311111216476249]},"properties":{"FID":45,"EKATTE":"22006","Suffix_bg":"гр","Name_bg":"Долна баня","Descr_bg":"град","Suffix_en":"t.","Name_en":"Dolna banya","Descr_en":"town","District_c":"SFO","Mun_code":"SFO59","KMETSTVO":"SFO59-00","Mun_name":"Долна баня"}},{"type":"Feature","id":46,"geometry":{"type":"Point","coordinates":[23.858087452946407,42.310215983018509]},"properties":{"FID":46,"EKATTE":"38902","Suffix_bg":"гр","Name_bg":"Костенец","Descr_bg":"град","Suffix_en":"t.","Name_en":"Kostenets","Descr_en":"town","District_c":"SFO","Mun_code":"SFO25","KMETSTVO":"SFO25-00","Mun_name":"Костенец"}},{"type":"Feature","id":47,"geometry":{"type":"Point","coordinates":[23.991262826047723,42.027559398083341]},"properties":{"FID":47,"EKATTE":"10450","Suffix_bg":"гр","Name_bg":"Велинград","Descr_bg":"град","Suffix_en":"t.","Name_en":"Velingrad","Descr_en":"town","District_c":"PAZ","Mun_code":"PAZ08","KMETSTVO":"PAZ08-00","Mun_name":"Велинград"}},{"type":"Feature","id":48,"geometry":{"type":"Point","coordinates":[23.555410755287841,42.337139001717901]},"properties":{"FID":48,"EKATTE":"65231","Suffix_bg":"гр","Name_bg":"Самоков","Descr_bg":"град","Suffix_en":"t.","Name_en":"Samokov","Descr_en":"town","District_c":"SFO","Mun_code":"SFO39","KMETSTVO":"SFO39-00","Mun_name":"Самоков"}},{"type":"Feature","id":49,"geometry":{"type":"Point","coordinates":[23.60213338651381,42.66925092882434]},"properties":{"FID":49,"EKATTE":"27303","Suffix_bg":"гр","Name_bg":"Елин Пелин","Descr_bg":"град","Suffix_en":"t.","Name_en":"Elin Pelin","Descr_en":"town","District_c":"SFO","Mun_code":"SFO17","KMETSTVO":"SFO17-00","Mun_name":"Елин Пелин"}},{"type":"Feature","id":50,"geometry":{"type":"Point","coordinates":[23.729378721932303,43.776443258455394]},"properties":{"FID":50,"EKATTE":"37798","Suffix_bg":"гр","Name_bg":"Козлодуй","Descr_bg":"град","Suffix_en":"t.","Name_en":"Kozloduy","Descr_en":"town","District_c":"VRC","Mun_code":"VRC20","KMETSTVO":"VRC20-00","Mun_name":"Козлодуй"}},{"type":"Feature","id":51,"geometry":{"type":"Point","coordinates":[23.945400802100199,43.468789901392938]},"properties":{"FID":51,"EKATTE":"07702","Suffix_bg":"гр","Name_bg":"Бяла Слатина","Descr_bg":"град","Suffix_en":"t.","Name_en":"Byala Slatina","Descr_en":"town","District_c":"VRC","Mun_code":"VRC08","KMETSTVO":"VRC08-00","Mun_name":"Бяла Слати"}},{"type":"Feature","id":52,"geometry":{"type":"Point","coordinates":[23.961178357094163,43.738868730434376]},"properties":{"FID":52,"EKATTE":"54020","Suffix_bg":"гр","Name_bg":"Оряхово","Descr_bg":"град","Suffix_en":"t.","Name_en":"Oryahovo","Descr_en":"town","District_c":"VRC","Mun_code":"VRC31","KMETSTVO":"VRC31-00","Mun_name":"Оряхово"}},{"type":"Feature","id":53,"geometry":{"type":"Point","coordinates":[23.854675651945684,43.691563783391665]},"properties":{"FID":53,"EKATTE":"48043","Suffix_bg":"гр","Name_bg":"Мизия","Descr_bg":"град","Suffix_en":"t.","Name_en":"Mizia","Descr_en":"town","District_c":"VRC","Mun_code":"VRC28","KMETSTVO":"VRC28-00","Mun_name":"Мизия"}},{"type":"Feature","id":54,"geometry":{"type":"Point","coordinates":[23.030805206205823,42.599827876404099]},"properties":{"FID":54,"EKATTE":"55871","Suffix_bg":"гр","Name_bg":"Перник","Descr_bg":"град","Suffix_en":"t.","Name_en":"Pernik","Descr_en":"town","District_c":"PER","Mun_code":"PER32","KMETSTVO":"PER32-00","Mun_name":"Перник"}},{"type":"Feature","id":55,"geometry":{"type":"Point","coordinates":[22.997937399001728,42.363780401941064]},"properties":{"FID":55,"EKATTE":"04501","Suffix_bg":"гр","Name_bg":"Бобов дол","Descr_bg":"град","Suffix_en":"t.","Name_en":"Bobov dol","Descr_en":"town","District_c":"KNL","Mun_code":"KNL04","KMETSTVO":"KNL04-00","Mun_name":"Бобов дол"}},{"type":"Feature","id":56,"geometry":{"type":"Point","coordinates":[22.910668279453429,42.738730223599916]},"properties":{"FID":56,"EKATTE":"06286","Suffix_bg":"гр","Name_bg":"Брезник","Descr_bg":"град","Suffix_en":"t.","Name_en":"Breznik","Descr_en":"town","District_c":"PER","Mun_code":"PER08","KMETSTVO":"PER08-00","Mun_name":"Брезник"}},{"type":"Feature","id":57,"geometry":{"type":"Point","coordinates":[23.926284412386508,43.146794415538331]},"properties":{"FID":57,"EKATTE":"62997","Suffix_bg":"гр","Name_bg":"Роман","Descr_bg":"град","Suffix_en":"t.","Name_en":"Roman","Descr_en":"town","District_c":"VRC","Mun_code":"VRC32","KMETSTVO":"VRC32-00","Mun_name":"Роман"}},{"type":"Feature","id":58,"geometry":{"type":"Point","coordinates":[23.046369564483982,43.014544467659825]},"properties":{"FID":58,"EKATTE":"15309","Suffix_bg":"гр","Name_bg":"Годеч","Descr_bg":"град","Suffix_en":"t.","Name_en":"Godech","Descr_en":"town","District_c":"SFO","Mun_code":"SFO09","KMETSTVO":"SFO09-00","Mun_name":"Годеч"}},{"type":"Feature","id":59,"geometry":{"type":"Point","coordinates":[22.650987172077432,42.836484070983026]},"properties":{"FID":59,"EKATTE":"73273","Suffix_bg":"гр","Name_bg":"Трън","Descr_bg":"град","Suffix_en":"t.","Name_en":"Tran","Descr_en":"town","District_c":"PER","Mun_code":"PER51","KMETSTVO":"PER51-00","Mun_name":"Трън"}},{"type":"Feature","id":60,"geometry":{"type":"Point","coordinates":[28.036558235593933,43.700308898148592]},"properties":{"FID":60,"EKATTE":"14711","Suffix_bg":"гр","Name_bg":"Генерал Тошев","Descr_bg":"град","Suffix_en":"t.","Name_en":"General Toshevo","Descr_en":"town","District_c":"DOB","Mun_code":"DOB12","KMETSTVO":"DOB12-00","Mun_name":"Генерал То"}},{"type":"Feature","id":61,"geometry":{"type":"Point","coordinates":[27.248971760411965,42.698960845539851]},"properties":{"FID":61,"EKATTE":"00151","Suffix_bg":"гр","Name_bg":"Айтос","Descr_bg":"град","Suffix_en":"t.","Name_en":"Aytos","Descr_en":"town","District_c":"BGS","Mun_code":"BGS01","KMETSTVO":"BGS01-00","Mun_name":"Айтос"}},{"type":"Feature","id":62,"geometry":{"type":"Point","coordinates":[26.325962589510123,42.678146137432137]},"properties":{"FID":62,"EKATTE":"67338","Suffix_bg":"гр","Name_bg":"Сливен","Descr_bg":"град","Suffix_en":"t.","Name_en":"Sliven","Descr_en":"town","District_c":"SLV","Mun_code":"SLV20","KMETSTVO":"SLV20-00","Mun_name":"Сливен"}},{"type":"Feature","id":63,"geometry":{"type":"Point","coordinates":[23.54441218492267,43.212108367003765]},"properties":{"FID":63,"EKATTE":"12259","Suffix_bg":"гр","Name_bg":"Враца","Descr_bg":"град","Suffix_en":"t.","Name_en":"Vratsa","Descr_en":"town","District_c":"VRC","Mun_code":"VRC10","KMETSTVO":"VRC10-00","Mun_name":"Враца"}},{"type":"Feature","id":64,"geometry":{"type":"Point","coordinates":[23.713110013697762,43.144022662593777]},"properties":{"FID":64,"EKATTE":"47714","Suffix_bg":"гр","Name_bg":"Мездра","Descr_bg":"град","Suffix_en":"t.","Name_en":"Mezdra","Descr_en":"town","District_c":"VRC","Mun_code":"VRC27","KMETSTVO":"VRC27-00","Mun_name":"Мездра"}},{"type":"Feature","id":65,"geometry":{"type":"Point","coordinates":[23.125088727444698,43.237147390590927]},"properties":{"FID":65,"EKATTE":"03928","Suffix_bg":"гр","Name_bg":"Берковица","Descr_bg":"град","Suffix_en":"t.","Name_en":"Berkovitsa","Descr_en":"town","District_c":"MON","Mun_code":"MON02","KMETSTVO":"MON02-00","Mun_name":"Берковица"}},{"type":"Feature","id":66,"geometry":{"type":"Point","coordinates":[22.882484108024286,43.384550523248208]},"properties":{"FID":66,"EKATTE":"81390","Suffix_bg":"гр","Name_bg":"Чипровци","Descr_bg":"град","Suffix_en":"t.","Name_en":"Chiprovtsi","Descr_en":"town","District_c":"MON","Mun_code":"MON36","KMETSTVO":"MON36-00","Mun_name":"Чипровци"}},{"type":"Feature","id":67,"geometry":{"type":"Point","coordinates":[23.444751708584548,43.696102542386463]},"properties":{"FID":67,"EKATTE":"12543","Suffix_bg":"гр","Name_bg":"Вълчедръм","Descr_bg":"град","Suffix_en":"t.","Name_en":"Valchedram","Descr_en":"town","District_c":"MON","Mun_code":"MON11","KMETSTVO":"MON11-00","Mun_name":"Вълчедръм"}},{"type":"Feature","id":68,"geometry":{"type":"Point","coordinates":[23.237443072726961,43.825403594071865]},"properties":{"FID":68,"EKATTE":"44238","Suffix_bg":"гр","Name_bg":"Лом","Descr_bg":"град","Suffix_en":"t.","Name_en":"Lom","Descr_en":"town","District_c":"MON","Mun_code":"MON24","KMETSTVO":"MON24-00","Mun_name":"Лом"}},{"type":"Feature","id":69,"geometry":{"type":"Point","coordinates":[22.521339788499791,43.887489125724962]},"properties":{"FID":69,"EKATTE":"40525","Suffix_bg":"гр","Name_bg":"Кула","Descr_bg":"град","Suffix_en":"t.","Name_en":"Kula","Descr_en":"town","District_c":"VID","Mun_code":"VID22","KMETSTVO":"VID22-00","Mun_name":"Кула"}},{"type":"Feature","id":70,"geometry":{"type":"Point","coordinates":[22.811884063234746,43.910312166047945]},"properties":{"FID":70,"EKATTE":"24061","Suffix_bg":"гр","Name_bg":"Дунавци","Descr_bg":"град","Suffix_en":"t.","Name_en":"Dunavtsi","Descr_en":"town","District_c":"VID","Mun_code":"VID09","KMETSTVO":"VID09-15","Mun_name":"Видин"}},{"type":"Feature","id":71,"geometry":{"type":"Point","coordinates":[22.87405758355915,43.988690030208524]},"properties":{"FID":71,"EKATTE":"10971","Suffix_bg":"гр","Name_bg":"Видин","Descr_bg":"град","Suffix_en":"t.","Name_en":"Vidin","Descr_en":"town","District_c":"VID","Mun_code":"VID09","KMETSTVO":"VID09-00","Mun_name":"Видин"}},{"type":"Feature","id":72,"geometry":{"type":"Point","coordinates":[22.661046007275289,43.834791296720567]},"properties":{"FID":72,"EKATTE":"17645","Suffix_bg":"гр","Name_bg":"Грамада","Descr_bg":"град","Suffix_en":"t.","Name_en":"Gramada","Descr_en":"town","District_c":"VID","Mun_code":"VID15","KMETSTVO":"VID15-00","Mun_name":"Грамада"}},{"type":"Feature","id":73,"geometry":{"type":"Point","coordinates":[22.726677702345746,43.741481877840776]},"properties":{"FID":73,"EKATTE":"21097","Suffix_bg":"гр","Name_bg":"Димово","Descr_bg":"град","Suffix_en":"t.","Name_en":"Dimovo","Descr_en":"town","District_c":"VID","Mun_code":"VID16","KMETSTVO":"VID16-00","Mun_name":"Димово"}},{"type":"Feature","id":74,"geometry":{"type":"Point","coordinates":[22.639276952383746,44.151284113206195]},"properties":{"FID":74,"EKATTE":"06224","Suffix_bg":"гр","Name_bg":"Брегово","Descr_bg":"град","Suffix_en":"t.","Name_en":"Bregovo","Descr_en":"town","District_c":"VID","Mun_code":"VID06","KMETSTVO":"VID06-00","Mun_name":"Брегово"}},{"type":"Feature","id":75,"geometry":{"type":"Point","coordinates":[24.358299392576125,42.640145055427801]},"properties":{"FID":75,"EKATTE":"38558","Suffix_bg":"гр","Name_bg":"Копривщица","Descr_bg":"град","Suffix_en":"t.","Name_en":"Koprivshtitsa","Descr_en":"town","District_c":"SFO","Mun_code":"SFO24","KMETSTVO":"SFO24-00","Mun_name":"Копривщица"}},{"type":"Feature","id":76,"geometry":{"type":"Point","coordinates":[24.974846581201696,42.611157405637314]},"properties":{"FID":76,"EKATTE":"35496","Suffix_bg":"гр","Name_bg":"Калофер","Descr_bg":"град","Suffix_en":"t.","Name_en":"Kalofer","Descr_en":"town","District_c":"PDV","Mun_code":"PDV13","KMETSTVO":"PDV13-11","Mun_name":"Карлово"}},{"type":"Feature","id":77,"geometry":{"type":"Point","coordinates":[24.808209717928332,42.642033746056555]},"properties":{"FID":77,"EKATTE":"36498","Suffix_bg":"гр","Name_bg":"Карлово","Descr_bg":"град","Suffix_en":"t.","Name_en":"Karlovo","Descr_en":"town","District_c":"PDV","Mun_code":"PDV13","KMETSTVO":"PDV13-00","Mun_name":"Карлово"}},{"type":"Feature","id":78,"geometry":{"type":"Point","coordinates":[24.755016011518691,42.653911217629229]},"properties":{"FID":78,"EKATTE":"68080","Suffix_bg":"гр","Name_bg":"Сопот","Descr_bg":"град","Suffix_en":"t.","Name_en":"Sopot","Descr_en":"town","District_c":"PDV","Mun_code":"PDV43","KMETSTVO":"PDV43-00","Mun_name":"Сопот"}},{"type":"Feature","id":79,"geometry":{"type":"Point","coordinates":[24.830358021044162,42.545333738305878]},"properties":{"FID":79,"EKATTE":"02720","Suffix_bg":"гр","Name_bg":"Баня","Descr_bg":"град","Suffix_en":"t.","Name_en":"Banya","Descr_en":"town","District_c":"PDV","Mun_code":"PDV13","KMETSTVO":"PDV13-01","Mun_name":"Карлово"}},{"type":"Feature","id":80,"geometry":{"type":"Point","coordinates":[24.703274120949139,42.502469558440076]},"properties":{"FID":80,"EKATTE":"77270","Suffix_bg":"гр","Name_bg":"Хисаря","Descr_bg":"град","Suffix_en":"t.","Name_en":"Hisarya","Descr_en":"town","District_c":"PDV","Mun_code":"PDV37","KMETSTVO":"PDV37-00","Mun_name":"Хисаря"}},{"type":"Feature","id":81,"geometry":{"type":"Point","coordinates":[24.710508108323832,42.89149389372492]},"properties":{"FID":81,"EKATTE":"73198","Suffix_bg":"гр","Name_bg":"Троян","Descr_bg":"град","Suffix_en":"t.","Name_en":"Troyan","Descr_en":"town","District_c":"LOV","Mun_code":"LOV34","KMETSTVO":"LOV34-00","Mun_name":"Троян"}},{"type":"Feature","id":82,"geometry":{"type":"Point","coordinates":[24.160543486248585,41.645792384243826]},"properties":{"FID":82,"EKATTE":"23025","Suffix_bg":"гр","Name_bg":"Доспат","Descr_bg":"град","Suffix_en":"t.","Name_en":"Dospat","Descr_en":"town","District_c":"SML","Mun_code":"SML10","KMETSTVO":"SML10-00","Mun_name":"Доспат"}},{"type":"Feature","id":83,"geometry":{"type":"Point","coordinates":[24.939703032526189,41.499189717320156]},"properties":{"FID":83,"EKATTE":"46045","Suffix_bg":"гр","Name_bg":"Мадан","Descr_bg":"град","Suffix_en":"t.","Name_en":"Madan","Descr_en":"town","District_c":"SML","Mun_code":"SML16","KMETSTVO":"SML16-00","Mun_name":"Мадан"}},{"type":"Feature","id":84,"geometry":{"type":"Point","coordinates":[24.919961933869374,42.839876807590564]},"properties":{"FID":84,"EKATTE":"52218","Suffix_bg":"гр","Name_bg":"Априлци","Descr_bg":"град","Suffix_en":"t.","Name_en":"Apriltsi","Descr_en":"town","District_c":"LOV","Mun_code":"LOV02","KMETSTVO":"LOV02-00","Mun_name":"Априлци"}},{"type":"Feature","id":85,"geometry":{"type":"Point","coordinates":[24.180243344032316,42.50262399110575]},"properties":{"FID":85,"EKATTE":"55302","Suffix_bg":"гр","Name_bg":"Панагюрище","Descr_bg":"град","Suffix_en":"t.","Name_en":"Panagyurishte","Descr_en":"town","District_c":"PAZ","Mun_code":"PAZ20","KMETSTVO":"PAZ20-00","Mun_name":"Панагюрище"}},{"type":"Feature","id":86,"geometry":{"type":"Point","coordinates":[24.321545274395021,42.503366754757458]},"properties":{"FID":86,"EKATTE":"69835","Suffix_bg":"гр","Name_bg":"Стрелча","Descr_bg":"град","Suffix_en":"t.","Name_en":"Strelcha","Descr_en":"town","District_c":"PAZ","Mun_code":"PAZ32","KMETSTVO":"PAZ32-00","Mun_name":"Стрелча"}},{"type":"Feature","id":87,"geometry":{"type":"Point","coordinates":[24.047173525234015,42.280335390549922]},"properties":{"FID":87,"EKATTE":"10820","Suffix_bg":"гр","Name_bg":"Ветрен","Descr_bg":"град","Suffix_en":"t.","Name_en":"Vetren","Descr_en":"town","District_c":"PAZ","Mun_code":"PAZ29","KMETSTVO":"PAZ29-04","Mun_name":"Септември"}},{"type":"Feature","id":88,"geometry":{"type":"Point","coordinates":[24.125011481283625,42.21643653254236]},"properties":{"FID":88,"EKATTE":"66264","Suffix_bg":"гр","Name_bg":"Септември","Descr_bg":"град","Suffix_en":"t.","Name_en":"Septemvri","Descr_en":"town","District_c":"PAZ","Mun_code":"PAZ29","KMETSTVO":"PAZ29-00","Mun_name":"Септември"}},{"type":"Feature","id":89,"geometry":{"type":"Point","coordinates":[24.537919256465202,42.133240535602383]},"properties":{"FID":89,"EKATTE":"51980","Suffix_bg":"гр","Name_bg":"Стамболийски","Descr_bg":"град","Suffix_en":"t.","Name_en":"Stamboliyski","Descr_en":"town","District_c":"PDV","Mun_code":"PDV41","KMETSTVO":"PDV41-00","Mun_name":"Стамболийс"}},{"type":"Feature","id":90,"geometry":{"type":"Point","coordinates":[24.541417082062885,42.056299598959548]},"properties":{"FID":90,"EKATTE":"55909","Suffix_bg":"гр","Name_bg":"Перущица","Descr_bg":"град","Suffix_en":"t.","Name_en":"Perushtitsa","Descr_en":"town","District_c":"PDV","Mun_code":"PDV40","KMETSTVO":"PDV40-00","Mun_name":"Перущица"}},{"type":"Feature","id":91,"geometry":{"type":"Point","coordinates":[24.217791273407958,41.943990040903863]},"properties":{"FID":91,"EKATTE":"02837","Suffix_bg":"гр","Name_bg":"Батак","Descr_bg":"град","Suffix_en":"t.","Name_en":"Batak","Descr_en":"town","District_c":"PAZ","Mun_code":"PAZ03","KMETSTVO":"PAZ03-00","Mun_name":"Батак"}},{"type":"Feature","id":92,"geometry":{"type":"Point","coordinates":[24.396724956545853,41.743162594934788]},"properties":{"FID":92,"EKATTE":"20465","Suffix_bg":"гр","Name_bg":"Девин","Descr_bg":"град","Suffix_en":"t.","Name_en":"Devin","Descr_en":"town","District_c":"SML","Mun_code":"SML09","KMETSTVO":"SML09-00","Mun_name":"Девин"}},{"type":"Feature","id":93,"geometry":{"type":"Point","coordinates":[24.090158301550346,41.990575133464631]},"properties":{"FID":93,"EKATTE":"62004","Suffix_bg":"гр","Name_bg":"Ракитово","Descr_bg":"град","Suffix_en":"t.","Name_en":"Rakitovo","Descr_en":"town","District_c":"PAZ","Mun_code":"PAZ24","KMETSTVO":"PAZ24-00","Mun_name":"Ракитово"}},{"type":"Feature","id":94,"geometry":{"type":"Point","coordinates":[24.022923469087051,41.738353882820554]},"properties":{"FID":94,"EKATTE":"70648","Suffix_bg":"гр","Name_bg":"Сърница","Descr_bg":"град","Suffix_en":"t.","Name_en":"Sarnitsa","Descr_en":"town","District_c":"PAZ","Mun_code":"PAZ08","KMETSTVO":"PAZ08-15","Mun_name":"Велинград"}},{"type":"Feature","id":95,"geometry":{"type":"Point","coordinates":[24.685319496737019,41.723197896709195]},"properties":{"FID":95,"EKATTE":"80371","Suffix_bg":"гр","Name_bg":"Чепеларе","Descr_bg":"град","Suffix_en":"t.","Name_en":"Chepelare","Descr_en":"town","District_c":"SML","Mun_code":"SML38","KMETSTVO":"SML38-00","Mun_name":"Чепеларе"}},{"type":"Feature","id":96,"geometry":{"type":"Point","coordinates":[25.37496563889021,41.64472122612051]},"properties":{"FID":96,"EKATTE":"40909","Suffix_bg":"гр","Name_bg":"Кърджали","Descr_bg":"град","Suffix_en":"t.","Name_en":"Kardzhali","Descr_en":"town","District_c":"KRZ","Mun_code":"KRZ16","KMETSTVO":"KRZ16-00","Mun_name":"Кърджали"}},{"type":"Feature","id":97,"geometry":{"type":"Point","coordinates":[25.299851984821675,41.497366339094889]},"properties":{"FID":97,"EKATTE":"20746","Suffix_bg":"гр","Name_bg":"Джебел","Descr_bg":"град","Suffix_en":"t.","Name_en":"Dzhebel","Descr_en":"town","District_c":"KRZ","Mun_code":"KRZ08","KMETSTVO":"KRZ08-00","Mun_name":"Джебел"}},{"type":"Feature","id":98,"geometry":{"type":"Point","coordinates":[25.076952180603378,41.459749122599582]},"properties":{"FID":98,"EKATTE":"51319","Suffix_bg":"гр","Name_bg":"Неделино","Descr_bg":"град","Suffix_en":"t.","Name_en":"Nedelino","Descr_en":"town","District_c":"SML","Mun_code":"SML18","KMETSTVO":"SML18-00","Mun_name":"Неделино"}},{"type":"Feature","id":99,"geometry":{"type":"Point","coordinates":[25.133218915773504,41.582871445971655]},"properties":{"FID":99,"EKATTE":"00607","Suffix_bg":"гр","Name_bg":"Ардино","Descr_bg":"град","Suffix_en":"t.","Name_en":"Ardino","Descr_en":"town","District_c":"KRZ","Mun_code":"KRZ02","KMETSTVO":"KRZ02-00","Mun_name":"Ардино"}},{"type":"Feature","id":100,"geometry":{"type":"Point","coordinates":[25.406391117315948,41.529703064717005]},"properties":{"FID":100,"EKATTE":"48996","Suffix_bg":"гр","Name_bg":"Момчилград","Descr_bg":"град","Suffix_en":"t.","Name_en":"Momchilgrad","Descr_en":"town","District_c":"KRZ","Mun_code":"KRZ21","KMETSTVO":"KRZ21-00","Mun_name":"Момчилград"}},{"type":"Feature","id":101,"geometry":{"type":"Point","coordinates":[25.076771363960908,42.348771121170643]},"properties":{"FID":101,"EKATTE":"06361","Suffix_bg":"гр","Name_bg":"Брезово","Descr_bg":"град","Suffix_en":"t.","Name_en":"Brezovo","Descr_en":"town","District_c":"PDV","Mun_code":"PDV07","KMETSTVO":"PDV07-00","Mun_name":"Брезово"}},{"type":"Feature","id":102,"geometry":{"type":"Point","coordinates":[27.881124498291324,42.819091294444824]},"properties":{"FID":102,"EKATTE":"53045","Suffix_bg":"гр","Name_bg":"Обзор","Descr_bg":"град","Suffix_en":"t.","Name_en":"Obzor","Descr_en":"town","District_c":"BGS","Mun_code":"BGS15","KMETSTVO":"BGS15-05","Mun_name":"Несебър"}},{"type":"Feature","id":103,"geometry":{"type":"Point","coordinates":[27.09230303021895,43.616975857128935]},"properties":{"FID":103,"EKATTE":"36079","Suffix_bg":"гр","Name_bg":"Каолиново","Descr_bg":"град","Suffix_en":"t.","Name_en":"Kaolinovo","Descr_en":"town","District_c":"SHU","Mun_code":"SHU18","KMETSTVO":"SHU18-00","Mun_name":"Каолиново"}},{"type":"Feature","id":104,"geometry":{"type":"Point","coordinates":[26.449963790006151,42.886279539851415]},"properties":{"FID":104,"EKATTE":"39030","Suffix_bg":"гр","Name_bg":"Котел","Descr_bg":"град","Suffix_en":"t.","Name_en":"Kotel","Descr_en":"town","District_c":"SLV","Mun_code":"SLV11","KMETSTVO":"SLV11-00","Mun_name":"Котел"}},{"type":"Feature","id":105,"geometry":{"type":"Point","coordinates":[27.198082298809172,43.347556328384222]},"properties":{"FID":105,"EKATTE":"52009","Suffix_bg":"гр","Name_bg":"Нови пазар","Descr_bg":"град","Suffix_en":"t.","Name_en":"Novi pazar","Descr_en":"town","District_c":"SHU","Mun_code":"SHU22","KMETSTVO":"SHU22-00","Mun_name":"Нови пазар"}},{"type":"Feature","id":106,"geometry":{"type":"Point","coordinates":[27.547790965263111,43.406210569114144]},"properties":{"FID":106,"EKATTE":"12574","Suffix_bg":"гр","Name_bg":"Вълчи дол","Descr_bg":"град","Suffix_en":"t.","Name_en":"Valchi dol","Descr_en":"town","District_c":"VAR","Mun_code":"VAR09","KMETSTVO":"VAR09-00","Mun_name":"Вълчи дол"}},{"type":"Feature","id":107,"geometry":{"type":"Point","coordinates":[26.811977404374932,43.160508936636027]},"properties":{"FID":107,"EKATTE":"58222","Suffix_bg":"гр","Name_bg":"Велики Пресла","Descr_bg":"град","Suffix_en":"t.","Name_en":"Veliki Preslav","Descr_en":"town","District_c":"SHU","Mun_code":"SHU23","KMETSTVO":"SHU23-00","Mun_name":"Велики Пре"}},{"type":"Feature","id":108,"geometry":{"type":"Point","coordinates":[26.934859789496652,43.274585047583869]},"properties":{"FID":108,"EKATTE":"83510","Suffix_bg":"гр","Name_bg":"Шумен","Descr_bg":"град","Suffix_en":"t.","Name_en":"Shumen","Descr_en":"town","District_c":"SHU","Mun_code":"SHU30","KMETSTVO":"SHU30-00","Mun_name":"Шумен"}},{"type":"Feature","id":109,"geometry":{"type":"Point","coordinates":[27.88509424322978,42.876073181342811]},"properties":{"FID":109,"EKATTE":"07598","Suffix_bg":"гр","Name_bg":"Бяла","Descr_bg":"град","Suffix_en":"t.","Name_en":"Byala","Descr_en":"town","District_c":"VAR","Mun_code":"VAR05","KMETSTVO":"VAR05-00","Mun_name":"Бяла"}},{"type":"Feature","id":110,"geometry":{"type":"Point","coordinates":[28.531119653074665,43.535503620495454]},"properties":{"FID":110,"EKATTE":"83017","Suffix_bg":"гр","Name_bg":"Шабла","Descr_bg":"град","Suffix_en":"t.","Name_en":"Shabla","Descr_en":"town","District_c":"DOB","Mun_code":"DOB29","KMETSTVO":"DOB29-00","Mun_name":"Шабла"}},{"type":"Feature","id":111,"geometry":{"type":"Point","coordinates":[26.159819268744457,43.150043638641783]},"properties":{"FID":111,"EKATTE":"00518","Suffix_bg":"гр","Name_bg":"Антоново","Descr_bg":"град","Suffix_en":"t.","Name_en":"Antonovo","Descr_en":"town","District_c":"TGV","Mun_code":"TGV02","KMETSTVO":"TGV02-00","Mun_name":"Антоново"}},{"type":"Feature","id":112,"geometry":{"type":"Point","coordinates":[23.224242326276759,43.405486905826926]},"properties":{"FID":112,"EKATTE":"48489","Suffix_bg":"гр","Name_bg":"Монтана","Descr_bg":"град","Suffix_en":"t.","Name_en":"Montana","Descr_en":"town","District_c":"MON","Mun_code":"MON29","KMETSTVO":"MON29-00","Mun_name":"Монтана"}},{"type":"Feature","id":113,"geometry":{"type":"Point","coordinates":[23.066268929662932,43.662530251609319]},"properties":{"FID":113,"EKATTE":"06570","Suffix_bg":"гр","Name_bg":"Брусарци","Descr_bg":"град","Suffix_en":"t.","Name_en":"Brusartsi","Descr_en":"town","District_c":"MON","Mun_code":"MON07","KMETSTVO":"MON07-00","Mun_name":"Брусарци"}},{"type":"Feature","id":114,"geometry":{"type":"Point","coordinates":[23.33627344247768,43.474124246945699]},"properties":{"FID":114,"EKATTE":"05236","Suffix_bg":"гр","Name_bg":"Бойчиновци","Descr_bg":"град","Suffix_en":"t.","Name_en":"Boychinovtsi","Descr_en":"town","District_c":"MON","Mun_code":"MON04","KMETSTVO":"MON04-00","Mun_name":"Бойчиновци"}},{"type":"Feature","id":115,"geometry":{"type":"Point","coordinates":[23.481292894644028,43.371691731046539]},"properties":{"FID":115,"EKATTE":"39846","Suffix_bg":"гр","Name_bg":"Криводол","Descr_bg":"град","Suffix_en":"t.","Name_en":"Krivodol","Descr_en":"town","District_c":"VRC","Mun_code":"VRC21","KMETSTVO":"VRC21-00","Mun_name":"Криводол"}},{"type":"Feature","id":116,"geometry":{"type":"Point","coordinates":[25.094713031455246,41.380482311423066]},"properties":{"FID":116,"EKATTE":"31111","Suffix_bg":"гр","Name_bg":"Златоград","Descr_bg":"град","Suffix_en":"t.","Name_en":"Zlatograd","Descr_en":"town","District_c":"SML","Mun_code":"SML11","KMETSTVO":"SML11-00","Mun_name":"Златоград"}},{"type":"Feature","id":117,"geometry":{"type":"Point","coordinates":[24.831494319495903,41.832638072704881]},"properties":{"FID":117,"EKATTE":"44478","Suffix_bg":"гр","Name_bg":"Лъки","Descr_bg":"град","Suffix_en":"t.","Name_en":"Laki","Descr_en":"town","District_c":"PDV","Mun_code":"PDV15","KMETSTVO":"PDV15-00","Mun_name":"Лъки"}},{"type":"Feature","id":118,"geometry":{"type":"Point","coordinates":[24.020118744233727,42.214608228488444]},"properties":{"FID":118,"EKATTE":"03592","Suffix_bg":"гр","Name_bg":"Белово","Descr_bg":"град","Suffix_en":"t.","Name_en":"Belovo","Descr_en":"town","District_c":"PAZ","Mun_code":"PAZ04","KMETSTVO":"PAZ04-00","Mun_name":"Белово"}},{"type":"Feature","id":119,"geometry":{"type":"Point","coordinates":[24.464588847993063,42.04260738390515]},"properties":{"FID":119,"EKATTE":"39921","Suffix_bg":"гр","Name_bg":"Кричим","Descr_bg":"град","Suffix_en":"t.","Name_en":"Krichim","Descr_en":"town","District_c":"PDV","Mun_code":"PDV39","KMETSTVO":"PDV39-00","Mun_name":"Кричим"}},{"type":"Feature","id":120,"geometry":{"type":"Point","coordinates":[24.369600594234178,42.023134991581045]},"properties":{"FID":120,"EKATTE":"06207","Suffix_bg":"гр","Name_bg":"Брацигово","Descr_bg":"град","Suffix_en":"t.","Name_en":"Bratsigovo","Descr_en":"town","District_c":"PAZ","Mun_code":"PAZ06","KMETSTVO":"PAZ06-00","Mun_name":"Брацигово"}},{"type":"Feature","id":121,"geometry":{"type":"Point","coordinates":[24.302524859357476,42.033977319123402]},"properties":{"FID":121,"EKATTE":"56277","Suffix_bg":"гр","Name_bg":"Пещера","Descr_bg":"град","Suffix_en":"t.","Name_en":"Peshtera","Descr_en":"town","District_c":"PAZ","Mun_code":"PAZ21","KMETSTVO":"PAZ21-00","Mun_name":"Пещера"}},{"type":"Feature","id":122,"geometry":{"type":"Point","coordinates":[24.332754506918771,42.19347677732592]},"properties":{"FID":122,"EKATTE":"55155","Suffix_bg":"гр","Name_bg":"Пазарджик","Descr_bg":"град","Suffix_en":"t.","Name_en":"Pazardzhik","Descr_en":"town","District_c":"PAZ","Mun_code":"PAZ19","KMETSTVO":"PAZ19-00","Mun_name":"Пазарджик"}},{"type":"Feature","id":123,"geometry":{"type":"Point","coordinates":[24.113008791165708,42.023525772987277]},"properties":{"FID":123,"EKATTE":"38844","Suffix_bg":"гр","Name_bg":"Костандово","Descr_bg":"град","Suffix_en":"t.","Name_en":"Kostandovo","Descr_en":"town","District_c":"PAZ","Mun_code":"PAZ24","KMETSTVO":"PAZ24-02","Mun_name":"Ракитово"}},{"type":"Feature","id":124,"geometry":{"type":"Point","coordinates":[24.965482377260262,42.288388053367179]},"properties":{"FID":124,"EKATTE":"62075","Suffix_bg":"гр","Name_bg":"Раковски","Descr_bg":"град","Suffix_en":"t.","Name_en":"Rakovski","Descr_en":"town","District_c":"PDV","Mun_code":"PDV25","KMETSTVO":"PDV25-00","Mun_name":"Раковски"}},{"type":"Feature","id":125,"geometry":{"type":"Point","coordinates":[24.938510295394341,42.130380484783075]},"properties":{"FID":125,"EKATTE":"65139","Suffix_bg":"гр","Name_bg":"Садово","Descr_bg":"град","Suffix_en":"t.","Name_en":"Sadovo","Descr_en":"town","District_c":"PDV","Mun_code":"PDV28","KMETSTVO":"PDV28-00","Mun_name":"Садово"}},{"type":"Feature","id":126,"geometry":{"type":"Point","coordinates":[24.741453603841709,42.142086139705597]},"properties":{"FID":126,"EKATTE":"56784","Suffix_bg":"гр","Name_bg":"Пловдив","Descr_bg":"град","Suffix_en":"t.","Name_en":"Plovdiv","Descr_en":"town","District_c":"PDV","Mun_code":"PDV22","KMETSTVO":"PDV22-00","Mun_name":"Пловдив"}},{"type":"Feature","id":127,"geometry":{"type":"Point","coordinates":[24.787805380226871,42.034303303239348]},"properties":{"FID":127,"EKATTE":"40467","Suffix_bg":"гр","Name_bg":"Куклен","Descr_bg":"град","Suffix_en":"t.","Name_en":"Kuklen","Descr_en":"town","District_c":"PDV","Mun_code":"PDV42","KMETSTVO":"PDV42-00","Mun_name":"Куклен"}},{"type":"Feature","id":128,"geometry":{"type":"Point","coordinates":[24.87729457766099,42.008187097862283]},"properties":{"FID":128,"EKATTE":"00702","Suffix_bg":"гр","Name_bg":"Асеновград","Descr_bg":"град","Suffix_en":"t.","Name_en":"Asenovgrad","Descr_en":"town","District_c":"PDV","Mun_code":"PDV01","KMETSTVO":"PDV01-00","Mun_name":"Асеновград"}},{"type":"Feature","id":129,"geometry":{"type":"Point","coordinates":[24.546508201133598,42.274581514546391]},"properties":{"FID":129,"EKATTE":"70528","Suffix_bg":"гр","Name_bg":"Съединение","Descr_bg":"град","Suffix_en":"t.","Name_en":"Saedinenie","Descr_en":"town","District_c":"PDV","Mun_code":"PDV33","KMETSTVO":"PDV33-00","Mun_name":"Съединение"}},{"type":"Feature","id":130,"geometry":{"type":"Point","coordinates":[24.699250447134659,41.577698513703595]},"properties":{"FID":130,"EKATTE":"67653","Suffix_bg":"гр","Name_bg":"Смолян","Descr_bg":"град","Suffix_en":"t.","Name_en":"Smolyan","Descr_en":"town","District_c":"SML","Mun_code":"SML31","KMETSTVO":"SML31-00","Mun_name":"Смолян"}},{"type":"Feature","id":131,"geometry":{"type":"Point","coordinates":[24.845352835888001,41.489240737005481]},"properties":{"FID":131,"EKATTE":"63207","Suffix_bg":"гр","Name_bg":"Рудозем","Descr_bg":"град","Suffix_en":"t.","Name_en":"Rudozem","Descr_en":"town","District_c":"SML","Mun_code":"SML27","KMETSTVO":"SML27-00","Mun_name":"Рудозем"}},{"type":"Feature","id":132,"geometry":{"type":"Point","coordinates":[23.288176800763594,43.195475919609777]},"properties":{"FID":132,"EKATTE":"12961","Suffix_bg":"гр","Name_bg":"Вършец","Descr_bg":"град","Suffix_en":"t.","Name_en":"Varshets","Descr_en":"town","District_c":"MON","Mun_code":"MON12","KMETSTVO":"MON12-00","Mun_name":"Вършец"}},{"type":"Feature","id":133,"geometry":{"type":"Point","coordinates":[27.017596374380219,43.064223147507818]},"properties":{"FID":133,"EKATTE":"67708","Suffix_bg":"гр","Name_bg":"Смядово","Descr_bg":"град","Suffix_en":"t.","Name_en":"Smyadovo","Descr_en":"town","District_c":"SHU","Mun_code":"SHU25","KMETSTVO":"SHU25-00","Mun_name":"Смядово"}},{"type":"Feature","id":134,"geometry":{"type":"Point","coordinates":[27.34625449237512,43.049840961242126]},"properties":{"FID":134,"EKATTE":"24565","Suffix_bg":"гр","Name_bg":"Дългопол","Descr_bg":"град","Suffix_en":"t.","Name_en":"Dalgopol","Descr_en":"town","District_c":"VAR","Mun_code":"VAR16","KMETSTVO":"VAR16-00","Mun_name":"Дългопол"}},{"type":"Feature","id":135,"geometry":{"type":"Point","coordinates":[26.669046181710961,42.991719792139484]},"properties":{"FID":135,"EKATTE":"12766","Suffix_bg":"гр","Name_bg":"Върбица","Descr_bg":"град","Suffix_en":"t.","Name_en":"Varbitsa","Descr_en":"town","District_c":"SHU","Mun_code":"SHU10","KMETSTVO":"SHU10-00","Mun_name":"Върбица"}},{"type":"Feature","id":136,"geometry":{"type":"Point","coordinates":[26.773466296259741,42.762811883965391]},"properties":{"FID":136,"EKATTE":"70247","Suffix_bg":"гр","Name_bg":"Сунгурларе","Descr_bg":"град","Suffix_en":"t.","Name_en":"Sungurlare","Descr_en":"town","District_c":"BGS","Mun_code":"BGS23","KMETSTVO":"BGS23-00","Mun_name":"Сунгурларе"}},{"type":"Feature","id":137,"geometry":{"type":"Point","coordinates":[25.218861205693145,42.095599458832673]},"properties":{"FID":137,"EKATTE":"59080","Suffix_bg":"гр","Name_bg":"Първомай","Descr_bg":"град","Suffix_en":"t.","Name_en":"Parvomay","Descr_en":"town","District_c":"PDV","Mun_code":"PDV23","KMETSTVO":"PDV23-00","Mun_name":"Първомай"}},{"type":"Feature","id":138,"geometry":{"type":"Point","coordinates":[27.442821544447511,43.169359842515455]},"properties":{"FID":138,"EKATTE":"58503","Suffix_bg":"гр","Name_bg":"Провадия","Descr_bg":"град","Suffix_en":"t.","Name_en":"Provadia","Descr_en":"town","District_c":"VAR","Mun_code":"VAR24","KMETSTVO":"VAR24-00","Mun_name":"Провадия"}},{"type":"Feature","id":139,"geometry":{"type":"Point","coordinates":[25.878691177031438,42.929815037309695]},"properties":{"FID":139,"EKATTE":"27190","Suffix_bg":"гр","Name_bg":"Елена","Descr_bg":"град","Suffix_en":"t.","Name_en":"Elena","Descr_en":"town","District_c":"VTR","Mun_code":"VTR13","KMETSTVO":"VTR13-00","Mun_name":"Елена"}},{"type":"Feature","id":140,"geometry":{"type":"Point","coordinates":[27.757699883083109,42.713796856614564]},"properties":{"FID":140,"EKATTE":"11538","Suffix_bg":"гр","Name_bg":"Свети Влас","Descr_bg":"град","Suffix_en":"t.","Name_en":"Sveti Vlas","Descr_en":"town","District_c":"BGS","Mun_code":"BGS15","KMETSTVO":"BGS15-02","Mun_name":"Несебър"}},{"type":"Feature","id":141,"geometry":{"type":"Point","coordinates":[28.16615222409515,43.410165743643731]},"properties":{"FID":141,"EKATTE":"02508","Suffix_bg":"гр","Name_bg":"Балчик","Descr_bg":"град","Suffix_en":"t.","Name_en":"Balchik","Descr_en":"town","District_c":"DOB","Mun_code":"DOB03","KMETSTVO":"DOB03-00","Mun_name":"Балчик"}},{"type":"Feature","id":142,"geometry":{"type":"Point","coordinates":[27.291113334389138,43.946655870317159]},"properties":{"FID":142,"EKATTE":"00415","Suffix_bg":"гр","Name_bg":"Алфатар","Descr_bg":"град","Suffix_en":"t.","Name_en":"Alfatar","Descr_en":"town","District_c":"SLS","Mun_code":"SLS01","KMETSTVO":"SLS01-00","Mun_name":"Алфатар"}},{"type":"Feature","id":143,"geometry":{"type":"Point","coordinates":[27.406474559448153,43.748578640192989]},"properties":{"FID":143,"EKATTE":"72271","Suffix_bg":"гр","Name_bg":"Тервел","Descr_bg":"град","Suffix_en":"t.","Name_en":"Tervel","Descr_en":"town","District_c":"DOB","Mun_code":"DOB27","KMETSTVO":"DOB27-00","Mun_name":"Тервел"}},{"type":"Feature","id":144,"geometry":{"type":"Point","coordinates":[27.83188977996657,43.562212358403229]},"properties":{"FID":144,"EKATTE":"72624","Suffix_bg":"гр","Name_bg":"Добрич","Descr_bg":"град","Suffix_en":"t.","Name_en":"Dobrich","Descr_en":"town","District_c":"DOB","Mun_code":"DOB28","KMETSTVO":"DOB28-00","Mun_name":"Добрич"}},{"type":"Feature","id":145,"geometry":{"type":"Point","coordinates":[26.571854553534315,43.241447057263152]},"properties":{"FID":145,"EKATTE":"73626","Suffix_bg":"гр","Name_bg":"Търговище","Descr_bg":"град","Suffix_en":"t.","Name_en":"Targovishte","Descr_en":"town","District_c":"TGV","Mun_code":"TGV35","KMETSTVO":"TGV35-00","Mun_name":"Търговище"}},{"type":"Feature","id":146,"geometry":{"type":"Point","coordinates":[22.686592305874182,43.625102820694515]},"properties":{"FID":146,"EKATTE":"03616","Suffix_bg":"гр","Name_bg":"Белоградчик","Descr_bg":"град","Suffix_en":"t.","Name_en":"Belogradchik","Descr_en":"town","District_c":"VID","Mun_code":"VID01","KMETSTVO":"VID01-00","Mun_name":"Белоградчи"}},{"type":"Feature","id":147,"geometry":{"type":"Point","coordinates":[25.65459379823227,41.470900144953298]},"properties":{"FID":147,"EKATTE":"39970","Suffix_bg":"гр","Name_bg":"Крумовград","Descr_bg":"град","Suffix_en":"t.","Name_en":"Krumovgrad","Descr_en":"town","District_c":"KRZ","Mun_code":"KRZ15","KMETSTVO":"KRZ15-00","Mun_name":"Крумовград"}},{"type":"Feature","id":148,"geometry":{"type":"Point","coordinates":[26.828106376171903,43.720379304433081]},"properties":{"FID":148,"EKATTE":"32874","Suffix_bg":"гр","Name_bg":"Исперих","Descr_bg":"град","Suffix_en":"t.","Name_en":"Isperih","Descr_en":"town","District_c":"RAZ","Mun_code":"RAZ14","KMETSTVO":"RAZ14-00","Mun_name":"Исперих"}},{"type":"Feature","id":149,"geometry":{"type":"Point","coordinates":[26.084807182000183,43.920352396872815]},"properties":{"FID":149,"EKATTE":"47336","Suffix_bg":"гр","Name_bg":"Мартен","Descr_bg":"град","Suffix_en":"t.","Name_en":"Marten","Descr_en":"town","District_c":"RSE","Mun_code":"RSE27","KMETSTVO":"RSE27-03","Mun_name":"Русе"}},{"type":"Feature","id":150,"geometry":{"type":"Point","coordinates":[26.204865685423918,43.942165220697305]},"properties":{"FID":150,"EKATTE":"67444","Suffix_bg":"гр","Name_bg":"Сливо поле","Descr_bg":"град","Suffix_en":"t.","Name_en":"Slivo pole","Descr_en":"town","District_c":"RSE","Mun_code":"RSE33","KMETSTVO":"RSE33-00","Mun_name":"Сливо поле"}},{"type":"Feature","id":151,"geometry":{"type":"Point","coordinates":[26.387827288703587,43.732944611762662]},"properties":{"FID":151,"EKATTE":"15151","Suffix_bg":"гр","Name_bg":"Глоджево","Descr_bg":"град","Suffix_en":"t.","Name_en":"Glodzhevo","Descr_en":"town","District_c":"RSE","Mun_code":"RSE05","KMETSTVO":"RSE05-02","Mun_name":"Ветово"}},{"type":"Feature","id":152,"geometry":{"type":"Point","coordinates":[26.264391948469594,43.703979620218597]},"properties":{"FID":152,"EKATTE":"10803","Suffix_bg":"гр","Name_bg":"Ветово","Descr_bg":"град","Suffix_en":"t.","Name_en":"Vetovo","Descr_en":"town","District_c":"RSE","Mun_code":"RSE05","KMETSTVO":"RSE05-00","Mun_name":"Ветово"}},{"type":"Feature","id":153,"geometry":{"type":"Point","coordinates":[27.265380548115516,44.109238028178829]},"properties":{"FID":153,"EKATTE":"66425","Suffix_bg":"гр","Name_bg":"Силистра","Descr_bg":"град","Suffix_en":"t.","Name_en":"Silistra","Descr_en":"town","District_c":"SLS","Mun_code":"SLS31","KMETSTVO":"SLS31-00","Mun_name":"Силистра"}},{"type":"Feature","id":154,"geometry":{"type":"Point","coordinates":[26.619387646078106,44.038999799277676]},"properties":{"FID":154,"EKATTE":"73496","Suffix_bg":"гр","Name_bg":"Тутракан","Descr_bg":"град","Suffix_en":"t.","Name_en":"Tutrakan","Descr_en":"town","District_c":"SLS","Mun_code":"SLS34","KMETSTVO":"SLS34-00","Mun_name":"Тутракан"}},{"type":"Feature","id":155,"geometry":{"type":"Point","coordinates":[26.419842407488797,43.10685424200669]},"properties":{"FID":155,"EKATTE":"53535","Suffix_bg":"гр","Name_bg":"Омуртаг","Descr_bg":"град","Suffix_en":"t.","Name_en":"Omurtag","Descr_en":"town","District_c":"TGV","Mun_code":"TGV22","KMETSTVO":"TGV22-00","Mun_name":"Омуртаг"}},{"type":"Feature","id":156,"geometry":{"type":"Point","coordinates":[26.028428030012375,42.686485602321817]},"properties":{"FID":156,"EKATTE":"15944","Suffix_bg":"гр","Name_bg":"Шивачево","Descr_bg":"град","Suffix_en":"t.","Name_en":"Shivachevo","Descr_en":"town","District_c":"SLV","Mun_code":"SLV24","KMETSTVO":"SLV24-04","Mun_name":"Твърдица"}},{"type":"Feature","id":157,"geometry":{"type":"Point","coordinates":[25.896999592259117,42.701834146280866]},"properties":{"FID":157,"EKATTE":"72165","Suffix_bg":"гр","Name_bg":"Твърдица","Descr_bg":"град","Suffix_en":"t.","Name_en":"Tvarditsa","Descr_en":"town","District_c":"SLV","Mun_code":"SLV24","KMETSTVO":"SLV24-00","Mun_name":"Твърдица"}},{"type":"Feature","id":158,"geometry":{"type":"Point","coordinates":[24.847591633439727,43.378146176275997]},"properties":{"FID":158,"EKATTE":"57772","Suffix_bg":"гр","Name_bg":"Пордим","Descr_bg":"град","Suffix_en":"t.","Name_en":"Pordim","Descr_en":"town","District_c":"PVN","Mun_code":"PVN27","KMETSTVO":"PVN27-00","Mun_name":"Пордим"}},{"type":"Feature","id":159,"geometry":{"type":"Point","coordinates":[24.892409182035845,43.698571085604591]},"properties":{"FID":159,"EKATTE":"51723","Suffix_bg":"гр","Name_bg":"Никопол","Descr_bg":"град","Suffix_en":"t.","Name_en":"Nikopol","Descr_en":"town","District_c":"PVN","Mun_code":"PVN21","KMETSTVO":"PVN21-00","Mun_name":"Никопол"}},{"type":"Feature","id":160,"geometry":{"type":"Point","coordinates":[24.872197676160603,43.465193701755091]},"properties":{"FID":160,"EKATTE":"67088","Suffix_bg":"гр","Name_bg":"Славяново","Descr_bg":"град","Suffix_en":"t.","Name_en":"Slavyanovo","Descr_en":"town","District_c":"PVN","Mun_code":"PVN24","KMETSTVO":"PVN24-20","Mun_name":"Плевен"}},{"type":"Feature","id":161,"geometry":{"type":"Point","coordinates":[25.13579224747949,43.359212589349639]},"properties":{"FID":161,"EKATTE":"43236","Suffix_bg":"гр","Name_bg":"Левски","Descr_bg":"град","Suffix_en":"t.","Name_en":"Levski","Descr_en":"town","District_c":"PVN","Mun_code":"PVN16","KMETSTVO":"PVN16-00","Mun_name":"Левски"}},{"type":"Feature","id":162,"geometry":{"type":"Point","coordinates":[25.12536228819922,43.644044340589701]},"properties":{"FID":162,"EKATTE":"03366","Suffix_bg":"гр","Name_bg":"Белене","Descr_bg":"град","Suffix_en":"t.","Name_en":"Belene","Descr_en":"town","District_c":"PVN","Mun_code":"PVN03","KMETSTVO":"PVN03-00","Mun_name":"Белене"}},{"type":"Feature","id":163,"geometry":{"type":"Point","coordinates":[26.503753498032609,42.482419105673422]},"properties":{"FID":163,"EKATTE":"87374","Suffix_bg":"гр","Name_bg":"Ямбол","Descr_bg":"град","Suffix_en":"t.","Name_en":"Yambol","Descr_en":"town","District_c":"JAM","Mun_code":"JAM26","KMETSTVO":"JAM26-00","Mun_name":"Ямбол"}},{"type":"Feature","id":164,"geometry":{"type":"Point","coordinates":[26.985537632913324,42.651325957955471]},"properties":{"FID":164,"EKATTE":"36525","Suffix_bg":"гр","Name_bg":"Карнобат","Descr_bg":"град","Suffix_en":"t.","Name_en":"Karnobat","Descr_en":"town","District_c":"BGS","Mun_code":"BGS09","KMETSTVO":"BGS09-00","Mun_name":"Карнобат"}},{"type":"Feature","id":165,"geometry":{"type":"Point","coordinates":[27.141233458037405,43.822946401690729]},"properties":{"FID":165,"EKATTE":"24030","Suffix_bg":"гр","Name_bg":"Дулово","Descr_bg":"град","Suffix_en":"t.","Name_en":"Dulovo","Descr_en":"town","District_c":"SLS","Mun_code":"SLS10","KMETSTVO":"SLS10-00","Mun_name":"Дулово"}},{"type":"Feature","id":166,"geometry":{"type":"Point","coordinates":[26.500060665444988,43.796489919903188]},"properties":{"FID":166,"EKATTE":"40422","Suffix_bg":"гр","Name_bg":"Кубрат","Descr_bg":"град","Suffix_en":"t.","Name_en":"Kubrat","Descr_en":"town","District_c":"RAZ","Mun_code":"RAZ16","KMETSTVO":"RAZ16-00","Mun_name":"Кубрат"}},{"type":"Feature","id":167,"geometry":{"type":"Point","coordinates":[26.675089979259944,43.759054584082541]},"properties":{"FID":167,"EKATTE":"30065","Suffix_bg":"гр","Name_bg":"Завет","Descr_bg":"град","Suffix_en":"t.","Name_en":"Zavet","Descr_en":"town","District_c":"RAZ","Mun_code":"RAZ11","KMETSTVO":"RAZ11-00","Mun_name":"Завет"}},{"type":"Feature","id":168,"geometry":{"type":"Point","coordinates":[26.834510676239308,43.911647772691452]},"properties":{"FID":168,"EKATTE":"15031","Suffix_bg":"гр","Name_bg":"Главиница","Descr_bg":"град","Suffix_en":"t.","Name_en":"Glavinitsa","Descr_en":"town","District_c":"SLS","Mun_code":"SLS07","KMETSTVO":"SLS07-00","Mun_name":"Главиница"}},{"type":"Feature","id":169,"geometry":{"type":"Point","coordinates":[28.33921827171018,43.4359768126182]},"properties":{"FID":169,"EKATTE":"35064","Suffix_bg":"гр","Name_bg":"Каварна","Descr_bg":"град","Suffix_en":"t.","Name_en":"Kavarna","Descr_en":"town","District_c":"DOB","Mun_code":"DOB17","KMETSTVO":"DOB17-00","Mun_name":"Каварна"}},{"type":"Feature","id":170,"geometry":{"type":"Point","coordinates":[27.592431129105726,43.328319998828]},"properties":{"FID":170,"EKATTE":"70175","Suffix_bg":"гр","Name_bg":"Суворово","Descr_bg":"град","Suffix_en":"t.","Name_en":"Suvorovo","Descr_en":"town","District_c":"VAR","Mun_code":"VAR26","KMETSTVO":"VAR26-00","Mun_name":"Суворово"}},{"type":"Feature","id":171,"geometry":{"type":"Point","coordinates":[27.55802039625511,43.218028982851379]},"properties":{"FID":171,"EKATTE":"20482","Suffix_bg":"гр","Name_bg":"Девня","Descr_bg":"град","Suffix_en":"t.","Name_en":"Devnya","Descr_en":"town","District_c":"VAR","Mun_code":"VAR14","KMETSTVO":"VAR14-00","Mun_name":"Девня"}},{"type":"Feature","id":172,"geometry":{"type":"Point","coordinates":[27.706730327029994,43.193704534167281]},"properties":{"FID":172,"EKATTE":"03719","Suffix_bg":"гр","Name_bg":"Белослав","Descr_bg":"град","Suffix_en":"t.","Name_en":"Beloslav","Descr_en":"town","District_c":"VAR","Mun_code":"VAR04","KMETSTVO":"VAR04-00","Mun_name":"Белослав"}},{"type":"Feature","id":173,"geometry":{"type":"Point","coordinates":[27.815923757412705,43.260771807205366]},"properties":{"FID":173,"EKATTE":"00182","Suffix_bg":"гр","Name_bg":"Аксаково","Descr_bg":"град","Suffix_en":"t.","Name_en":"Aksakovo","Descr_en":"town","District_c":"VAR","Mun_code":"VAR02","KMETSTVO":"VAR02-00","Mun_name":"Аксаково"}},{"type":"Feature","id":174,"geometry":{"type":"Point","coordinates":[24.419676136181288,43.096687974460799]},"properties":{"FID":174,"EKATTE":"75054","Suffix_bg":"гр","Name_bg":"Угърчин","Descr_bg":"град","Suffix_en":"t.","Name_en":"Ugarchin","Descr_en":"town","District_c":"LOV","Mun_code":"LOV36","KMETSTVO":"LOV36-00","Mun_name":"Угърчин"}},{"type":"Feature","id":175,"geometry":{"type":"Point","coordinates":[24.083301363712341,43.28063520736692]},"properties":{"FID":175,"EKATTE":"80501","Suffix_bg":"гр","Name_bg":"Червен бряг","Descr_bg":"град","Suffix_en":"t.","Name_en":"Cherven bryag","Descr_en":"town","District_c":"PVN","Mun_code":"PVN37","KMETSTVO":"PVN37-00","Mun_name":"Червен бря"}},{"type":"Feature","id":176,"geometry":{"type":"Point","coordinates":[24.162939566913888,43.210186303508969]},"properties":{"FID":176,"EKATTE":"44327","Suffix_bg":"гр","Name_bg":"Луковит","Descr_bg":"град","Suffix_en":"t.","Name_en":"Lukovit","Descr_en":"town","District_c":"LOV","Mun_code":"LOV19","KMETSTVO":"LOV19-00","Mun_name":"Луковит"}},{"type":"Feature","id":177,"geometry":{"type":"Point","coordinates":[24.099147415921827,43.032181097362781]},"properties":{"FID":177,"EKATTE":"87014","Suffix_bg":"гр","Name_bg":"Ябланица","Descr_bg":"град","Suffix_en":"t.","Name_en":"Yablanitsa","Descr_en":"town","District_c":"LOV","Mun_code":"LOV38","KMETSTVO":"LOV38-00","Mun_name":"Ябланица"}},{"type":"Feature","id":178,"geometry":{"type":"Point","coordinates":[24.711535407061909,43.134777178465086]},"properties":{"FID":178,"EKATTE":"43952","Suffix_bg":"гр","Name_bg":"Ловеч","Descr_bg":"град","Suffix_en":"t.","Name_en":"Lovech","Descr_en":"town","District_c":"LOV","Mun_code":"LOV18","KMETSTVO":"LOV18-00","Mun_name":"Ловеч"}},{"type":"Feature","id":179,"geometry":{"type":"Point","coordinates":[27.181733172160964,42.344955018556753]},"properties":{"FID":179,"EKATTE":"17974","Suffix_bg":"гр","Name_bg":"Средец","Descr_bg":"град","Suffix_en":"t.","Name_en":"Sredets","Descr_en":"town","District_c":"BGS","Mun_code":"BGS06","KMETSTVO":"BGS06-00","Mun_name":"Средец"}},{"type":"Feature","id":180,"geometry":{"type":"Point","coordinates":[27.305884765622743,42.620100562348725]},"properties":{"FID":180,"EKATTE":"07332","Suffix_bg":"гр","Name_bg":"Българово","Descr_bg":"град","Suffix_en":"t.","Name_en":"Balgarovo","Descr_en":"town","District_c":"BGS","Mun_code":"BGS04","KMETSTVO":"BGS04-04","Mun_name":"Бургас"}},{"type":"Feature","id":181,"geometry":{"type":"Point","coordinates":[27.290669117501828,42.56978855706442]},"properties":{"FID":181,"EKATTE":"35883","Suffix_bg":"гр","Name_bg":"Камено","Descr_bg":"град","Suffix_en":"t.","Name_en":"Kameno","Descr_en":"town","District_c":"BGS","Mun_code":"BGS08","KMETSTVO":"BGS08-00","Mun_name":"Камено"}},{"type":"Feature","id":182,"geometry":{"type":"Point","coordinates":[27.568016281084358,42.660112944996193]},"properties":{"FID":182,"EKATTE":"35033","Suffix_bg":"гр","Name_bg":"Каблешково","Descr_bg":"град","Suffix_en":"t.","Name_en":"Kableshkovo","Descr_en":"town","District_c":"BGS","Mun_code":"BGS17","KMETSTVO":"BGS17-09","Mun_name":"Поморие"}},{"type":"Feature","id":183,"geometry":{"type":"Point","coordinates":[27.724724301274676,42.659506915001742]},"properties":{"FID":183,"EKATTE":"51500","Suffix_bg":"гр","Name_bg":"Несебър","Descr_bg":"град","Suffix_en":"t.","Name_en":"Nesebar","Descr_en":"town","District_c":"BGS","Mun_code":"BGS15","KMETSTVO":"BGS15-00","Mun_name":"Несебър"}},{"type":"Feature","id":184,"geometry":{"type":"Point","coordinates":[27.694321967249014,42.418717335139362]},"properties":{"FID":184,"EKATTE":"67800","Suffix_bg":"гр","Name_bg":"Созопол","Descr_bg":"град","Suffix_en":"t.","Name_en":"Sozopol","Descr_en":"town","District_c":"BGS","Mun_code":"BGS21","KMETSTVO":"BGS21-00","Mun_name":"Созопол"}},{"type":"Feature","id":185,"geometry":{"type":"Point","coordinates":[27.640546356200183,42.556906675081137]},"properties":{"FID":185,"EKATTE":"57491","Suffix_bg":"гр","Name_bg":"Поморие","Descr_bg":"град","Suffix_en":"t.","Name_en":"Pomorie","Descr_en":"town","District_c":"BGS","Mun_code":"BGS17","KMETSTVO":"BGS17-00","Mun_name":"Поморие"}},{"type":"Feature","id":186,"geometry":{"type":"Point","coordinates":[26.598730658609693,43.371481152252898]},"properties":{"FID":186,"EKATTE":"44166","Suffix_bg":"гр","Name_bg":"Лозница","Descr_bg":"град","Suffix_en":"t.","Name_en":"Loznitsa","Descr_en":"town","District_c":"RAZ","Mun_code":"RAZ17","KMETSTVO":"RAZ17-00","Mun_name":"Лозница"}},{"type":"Feature","id":187,"geometry":{"type":"Point","coordinates":[27.911079720498972,43.211375333741898]},"properties":{"FID":187,"EKATTE":"10135","Suffix_bg":"гр","Name_bg":"Варна","Descr_bg":"град","Suffix_en":"t.","Name_en":"Varna","Descr_en":"town","District_c":"VAR","Mun_code":"VAR06","KMETSTVO":"VAR06-00","Mun_name":"Варна"}},{"type":"Feature","id":188,"geometry":{"type":"Point","coordinates":[27.160949742976459,43.315173432161266]},"properties":{"FID":188,"EKATTE":"36587","Suffix_bg":"гр","Name_bg":"Каспичан","Descr_bg":"град","Suffix_en":"t.","Name_en":"Kaspichan","Descr_en":"town","District_c":"SHU","Mun_code":"SHU19","KMETSTVO":"SHU19-00","Mun_name":"Каспичан"}},{"type":"Feature","id":189,"geometry":{"type":"Point","coordinates":[25.951935875936751,43.225348037636564]},"properties":{"FID":189,"EKATTE":"69633","Suffix_bg":"гр","Name_bg":"Стражица","Descr_bg":"град","Suffix_en":"t.","Name_en":"Strazhitsa","Descr_en":"town","District_c":"VTR","Mun_code":"VTR31","KMETSTVO":"VTR31-00","Mun_name":"Стражица"}},{"type":"Feature","id":190,"geometry":{"type":"Point","coordinates":[25.624698300546715,43.0446330105596]},"properties":{"FID":190,"EKATTE":"20242","Suffix_bg":"гр","Name_bg":"Дебелец","Descr_bg":"град","Suffix_en":"t.","Name_en":"Debelets","Descr_en":"town","District_c":"VTR","Mun_code":"VTR04","KMETSTVO":"VTR04-13","Mun_name":"Велико Тър"}},{"type":"Feature","id":191,"geometry":{"type":"Point","coordinates":[25.713212652939117,43.108073982980528]},"properties":{"FID":191,"EKATTE":"44793","Suffix_bg":"гр","Name_bg":"Лясковец","Descr_bg":"град","Suffix_en":"t.","Name_en":"Lyaskovets","Descr_en":"town","District_c":"VTR","Mun_code":"VTR20","KMETSTVO":"VTR20-00","Mun_name":"Лясковец"}},{"type":"Feature","id":192,"geometry":{"type":"Point","coordinates":[25.739148795516591,43.156521466803902]},"properties":{"FID":192,"EKATTE":"22232","Suffix_bg":"гр","Name_bg":"Долна Оряхови","Descr_bg":"град","Suffix_en":"t.","Name_en":"Dolna Oryahovitsa","Descr_en":"town","District_c":"VTR","Mun_code":"VTR06","KMETSTVO":"VTR06-04","Mun_name":"Горна Орях"}},{"type":"Feature","id":193,"geometry":{"type":"Point","coordinates":[25.704082086016971,43.130392628837193]},"properties":{"FID":193,"EKATTE":"16359","Suffix_bg":"гр","Name_bg":"Горна Оряхови","Descr_bg":"град","Suffix_en":"t.","Name_en":"Gorna Oryahovitsa","Descr_en":"town","District_c":"VTR","Mun_code":"VTR06","KMETSTVO":"VTR06-00","Mun_name":"Горна Орях"}},{"type":"Feature","id":194,"geometry":{"type":"Point","coordinates":[25.628290745470618,43.078651945683418]},"properties":{"FID":194,"EKATTE":"10447","Suffix_bg":"гр","Name_bg":"Велико Търнов","Descr_bg":"град","Suffix_en":"t.","Name_en":"Veliko Tarnovo","Descr_en":"town","District_c":"VTR","Mun_code":"VTR04","KMETSTVO":"VTR04-00","Mun_name":"Велико Тър"}},{"type":"Feature","id":195,"geometry":{"type":"Point","coordinates":[25.892221444941814,43.050084849134322]},"properties":{"FID":195,"EKATTE":"30962","Suffix_bg":"гр","Name_bg":"Златарица","Descr_bg":"град","Suffix_en":"t.","Name_en":"Zlataritsa","Descr_en":"town","District_c":"VTR","Mun_code":"VTR14","KMETSTVO":"VTR14-00","Mun_name":"Златарица"}},{"type":"Feature","id":196,"geometry":{"type":"Point","coordinates":[26.528818032787857,43.54089472396101]},"properties":{"FID":196,"EKATTE":"61710","Suffix_bg":"гр","Name_bg":"Разград","Descr_bg":"град","Suffix_en":"t.","Name_en":"Razgrad","Descr_en":"town","District_c":"RAZ","Mun_code":"RAZ26","KMETSTVO":"RAZ26-00","Mun_name":"Разград"}},{"type":"Feature","id":197,"geometry":{"type":"Point","coordinates":[27.721285108233957,42.9918067950045]},"properties":{"FID":197,"EKATTE":"21912","Suffix_bg":"гр","Name_bg":"Долни чифлик","Descr_bg":"град","Suffix_en":"t.","Name_en":"Dolni chiflik","Descr_en":"town","District_c":"VAR","Mun_code":"VAR13","KMETSTVO":"VAR13-00","Mun_name":"Долни чифл"}},{"type":"Feature","id":198,"geometry":{"type":"Point","coordinates":[24.185706791021918,42.701083759759641]},"properties":{"FID":198,"EKATTE":"56407","Suffix_bg":"гр","Name_bg":"Пирдоп","Descr_bg":"град","Suffix_en":"t.","Name_en":"Pirdop","Descr_en":"town","District_c":"SFO","Mun_code":"SFO55","KMETSTVO":"SFO55-00","Mun_name":"Пирдоп"}},{"type":"Feature","id":199,"geometry":{"type":"Point","coordinates":[24.257417260581278,42.917729528668268]},"properties":{"FID":199,"EKATTE":"72343","Suffix_bg":"гр","Name_bg":"Тетевен","Descr_bg":"град","Suffix_en":"t.","Name_en":"Teteven","Descr_en":"town","District_c":"LOV","Mun_code":"LOV33","KMETSTVO":"LOV33-00","Mun_name":"Тетевен"}},{"type":"Feature","id":200,"geometry":{"type":"Point","coordinates":[24.449756914690976,42.691523886983163]},"properties":{"FID":200,"EKATTE":"37277","Suffix_bg":"гр","Name_bg":"Клисура","Descr_bg":"град","Suffix_en":"t.","Name_en":"Klisura","Descr_en":"town","District_c":"PDV","Mun_code":"PDV13","KMETSTVO":"PDV13-14","Mun_name":"Карлово"}},{"type":"Feature","id":201,"geometry":{"type":"Point","coordinates":[24.139094137338276,42.71343931121649]},"properties":{"FID":201,"EKATTE":"31044","Suffix_bg":"гр","Name_bg":"Златица","Descr_bg":"град","Suffix_en":"t.","Name_en":"Zlatitsa","Descr_en":"town","District_c":"SFO","Mun_code":"SFO47","KMETSTVO":"SFO47-00","Mun_name":"Златица"}},{"type":"Feature","id":202,"geometry":{"type":"Point","coordinates":[27.125411355614265,43.362014694392634]},"properties":{"FID":202,"EKATTE":"56770","Suffix_bg":"гр","Name_bg":"Плиска","Descr_bg":"град","Suffix_en":"t.","Name_en":"Pliska","Descr_en":"town","District_c":"SHU","Mun_code":"SHU19","KMETSTVO":"SHU19-09","Mun_name":"Каспичан"}},{"type":"Feature","id":203,"geometry":{"type":"Point","coordinates":[26.173647364477372,43.44738593022727]},"properties":{"FID":203,"EKATTE":"53552","Suffix_bg":"гр","Name_bg":"Опака","Descr_bg":"град","Suffix_en":"t.","Name_en":"Opaka","Descr_en":"town","District_c":"TGV","Mun_code":"TGV23","KMETSTVO":"TGV23-00","Mun_name":"Опака"}},{"type":"Feature","id":204,"geometry":{"type":"Point","coordinates":[26.226984115074831,43.349572194072927]},"properties":{"FID":204,"EKATTE":"57649","Suffix_bg":"гр","Name_bg":"Попово","Descr_bg":"град","Suffix_en":"t.","Name_en":"Popovo","Descr_en":"town","District_c":"TGV","Mun_code":"TGV24","KMETSTVO":"TGV24-00","Mun_name":"Попово"}},{"type":"Feature","id":205,"geometry":{"type":"Point","coordinates":[26.239016015873684,43.607077917325995]},"properties":{"FID":205,"EKATTE":"77308","Suffix_bg":"гр","Name_bg":"Цар Калоян","Descr_bg":"град","Suffix_en":"t.","Name_en":"Tsar Kaloyan","Descr_en":"town","District_c":"RAZ","Mun_code":"RAZ36","KMETSTVO":"RAZ36-00","Mun_name":"Цар Калоян"}},{"type":"Feature","id":206,"geometry":{"type":"Point","coordinates":[26.361548085198955,43.648016066183537]},"properties":{"FID":206,"EKATTE":"66229","Suffix_bg":"гр","Name_bg":"Сеново","Descr_bg":"град","Suffix_en":"t.","Name_en":"Senovo","Descr_en":"town","District_c":"RSE","Mun_code":"RSE05","KMETSTVO":"RSE05-08","Mun_name":"Ветово"}},{"type":"Feature","id":207,"geometry":{"type":"Point","coordinates":[25.620510672812543,42.994275688358158]},"properties":{"FID":207,"EKATTE":"36837","Suffix_bg":"гр","Name_bg":"Килифарево","Descr_bg":"град","Suffix_en":"t.","Name_en":"Kilifarevo","Descr_en":"town","District_c":"VTR","Mun_code":"VTR04","KMETSTVO":"VTR04-17","Mun_name":"Велико Тър"}},{"type":"Feature","id":208,"geometry":{"type":"Point","coordinates":[25.738467566096023,43.460241643574193]},"properties":{"FID":208,"EKATTE":"07603","Suffix_bg":"гр","Name_bg":"Бяла","Descr_bg":"град","Suffix_en":"t.","Name_en":"Byala","Descr_en":"town","District_c":"RSE","Mun_code":"RSE04","KMETSTVO":"RSE04-00","Mun_name":"Бяла"}},{"type":"Feature","id":209,"geometry":{"type":"Point","coordinates":[25.874961428223067,43.593614185054399]},"properties":{"FID":209,"EKATTE":"20184","Suffix_bg":"гр","Name_bg":"Две могили","Descr_bg":"град","Suffix_en":"t.","Name_en":"Dve mogili","Descr_en":"town","District_c":"RSE","Mun_code":"RSE08","KMETSTVO":"RSE08-00","Mun_name":"Две могили"}},{"type":"Feature","id":210,"geometry":{"type":"Point","coordinates":[25.953906986594276,43.844531631871156]},"properties":{"FID":210,"EKATTE":"63427","Suffix_bg":"гр","Name_bg":"Русе","Descr_bg":"град","Suffix_en":"t.","Name_en":"Ruse","Descr_en":"town","District_c":"RSE","Mun_code":"RSE27","KMETSTVO":"RSE27-00","Mun_name":"Русе"}},{"type":"Feature","id":211,"geometry":{"type":"Point","coordinates":[25.631914940433045,43.367593973230932]},"properties":{"FID":211,"EKATTE":"57354","Suffix_bg":"гр","Name_bg":"Полски Тръмбе","Descr_bg":"град","Suffix_en":"t.","Name_en":"Polski Trambesh","Descr_en":"town","District_c":"VTR","Mun_code":"VTR26","KMETSTVO":"VTR26-00","Mun_name":"Полски Тръ"}},{"type":"Feature","id":212,"geometry":{"type":"Point","coordinates":[25.811472375557461,43.490684955617546]},"properties":{"FID":212,"EKATTE":"05611","Suffix_bg":"гр","Name_bg":"Борово","Descr_bg":"град","Suffix_en":"t.","Name_en":"Borovo","Descr_en":"town","District_c":"RSE","Mun_code":"RSE03","KMETSTVO":"RSE03-00","Mun_name":"Борово"}},{"type":"Feature","id":213,"geometry":{"type":"Point","coordinates":[25.547519059198784,42.606776489735189]},"properties":{"FID":213,"EKATTE":"49494","Suffix_bg":"гр","Name_bg":"Мъглиж","Descr_bg":"град","Suffix_en":"t.","Name_en":"Maglizh","Descr_en":"town","District_c":"SZR","Mun_code":"SZR22","KMETSTVO":"SZR22-00","Mun_name":"Мъглиж"}},{"type":"Feature","id":214,"geometry":{"type":"Point","coordinates":[25.634594897748421,42.425668133504061]},"properties":{"FID":214,"EKATTE":"68850","Suffix_bg":"гр","Name_bg":"Стара Загора","Descr_bg":"град","Suffix_en":"t.","Name_en":"Stara Zagora","Descr_en":"town","District_c":"SZR","Mun_code":"SZR31","KMETSTVO":"SZR31-00","Mun_name":"Стара Заго"}},{"type":"Feature","id":215,"geometry":{"type":"Point","coordinates":[25.795721896371674,42.657393222094008]},"properties":{"FID":215,"EKATTE":"18157","Suffix_bg":"гр","Name_bg":"Гурково","Descr_bg":"град","Suffix_en":"t.","Name_en":"Gurkovo","Descr_en":"town","District_c":"SZR","Mun_code":"SZR37","KMETSTVO":"SZR37-00","Mun_name":"Гурково"}},{"type":"Feature","id":216,"geometry":{"type":"Point","coordinates":[25.788848404392599,42.629557808085785]},"properties":{"FID":216,"EKATTE":"51648","Suffix_bg":"гр","Name_bg":"Николаево","Descr_bg":"град","Suffix_en":"t.","Name_en":"Nikolaevo","Descr_en":"town","District_c":"SZR","Mun_code":"SZR38","KMETSTVO":"SZR38-00","Mun_name":"Николаево"}},{"type":"Feature","id":217,"geometry":{"type":"Point","coordinates":[26.015991533269784,42.4860086634555]},"properties":{"FID":217,"EKATTE":"51809","Suffix_bg":"гр","Name_bg":"Нова Загора","Descr_bg":"град","Suffix_en":"t.","Name_en":"Nova Zagora","Descr_en":"town","District_c":"SLV","Mun_code":"SLV16","KMETSTVO":"SLV16-00","Mun_name":"Нова Загор"}},{"type":"Feature","id":218,"geometry":{"type":"Point","coordinates":[26.258953102238952,42.500293880257793]},"properties":{"FID":218,"EKATTE":"36779","Suffix_bg":"гр","Name_bg":"Кермен","Descr_bg":"град","Suffix_en":"t.","Name_en":"Kermen","Descr_en":"town","District_c":"SLV","Mun_code":"SLV20","KMETSTVO":"SLV20-23","Mun_name":"Сливен"}},{"type":"Feature","id":219,"geometry":{"type":"Point","coordinates":[25.49925142802881,42.132906398363161]},"properties":{"FID":219,"EKATTE":"47843","Suffix_bg":"гр","Name_bg":"Меричлери","Descr_bg":"град","Suffix_en":"t.","Name_en":"Merichleri","Descr_en":"town","District_c":"HKV","Mun_code":"HKV09","KMETSTVO":"HKV09-17","Mun_name":"Димитровгр"}},{"type":"Feature","id":220,"geometry":{"type":"Point","coordinates":[25.586167796706206,42.057407457261618]},"properties":{"FID":220,"EKATTE":"21052","Suffix_bg":"гр","Name_bg":"Димитровград","Descr_bg":"град","Suffix_en":"t.","Name_en":"Dimitrovgrad","Descr_en":"town","District_c":"HKV","Mun_code":"HKV09","KMETSTVO":"HKV09-00","Mun_name":"Димитровгр"}},{"type":"Feature","id":221,"geometry":{"type":"Point","coordinates":[25.93676228184821,42.291461988285356]},"properties":{"FID":221,"EKATTE":"61460","Suffix_bg":"гр","Name_bg":"Раднево","Descr_bg":"град","Suffix_en":"t.","Name_en":"Radnevo","Descr_en":"town","District_c":"SZR","Mun_code":"SZR27","KMETSTVO":"SZR27-00","Mun_name":"Раднево"}},{"type":"Feature","id":222,"geometry":{"type":"Point","coordinates":[25.875236173352508,42.142884208277252]},"properties":{"FID":222,"EKATTE":"18280","Suffix_bg":"гр","Name_bg":"Гълъбово","Descr_bg":"град","Suffix_en":"t.","Name_en":"Galabovo","Descr_en":"town","District_c":"SZR","Mun_code":"SZR07","KMETSTVO":"SZR07-00","Mun_name":"Гълъбово"}},{"type":"Feature","id":223,"geometry":{"type":"Point","coordinates":[25.83445827246096,42.032360176809014]},"properties":{"FID":223,"EKATTE":"47278","Suffix_bg":"гр","Name_bg":"Симеоновград","Descr_bg":"град","Suffix_en":"t.","Name_en":"Simeonovgrad","Descr_en":"town","District_c":"HKV","Mun_code":"HKV29","KMETSTVO":"HKV29-00","Mun_name":"Симеоновгр"}},{"type":"Feature","id":224,"geometry":{"type":"Point","coordinates":[26.340850100677621,42.084501127626353]},"properties":{"FID":224,"EKATTE":"72761","Suffix_bg":"гр","Name_bg":"Тополовград","Descr_bg":"град","Suffix_en":"t.","Name_en":"Topolovgrad","Descr_en":"town","District_c":"HKV","Mun_code":"HKV32","KMETSTVO":"HKV32-00","Mun_name":"Тополовгра"}},{"type":"Feature","id":225,"geometry":{"type":"Point","coordinates":[26.691376424256354,42.597401500881922]},"properties":{"FID":225,"EKATTE":"69660","Suffix_bg":"гр","Name_bg":"Стралджа","Descr_bg":"град","Suffix_en":"t.","Name_en":"Straldzha","Descr_en":"town","District_c":"JAM","Mun_code":"JAM22","KMETSTVO":"JAM22-00","Mun_name":"Стралджа"}},{"type":"Feature","id":226,"geometry":{"type":"Point","coordinates":[26.569402016819705,42.172019079816089]},"properties":{"FID":226,"EKATTE":"27382","Suffix_bg":"гр","Name_bg":"Елхово","Descr_bg":"град","Suffix_en":"t.","Name_en":"Elhovo","Descr_en":"town","District_c":"JAM","Mun_code":"JAM07","KMETSTVO":"JAM07-00","Mun_name":"Елхово"}},{"type":"Feature","id":227,"geometry":{"type":"Point","coordinates":[25.35690087845207,43.611300821008463]},"properties":{"FID":227,"EKATTE":"65766","Suffix_bg":"гр","Name_bg":"Свищов","Descr_bg":"град","Suffix_en":"t.","Name_en":"Svishtov","Descr_en":"town","District_c":"VTR","Mun_code":"VTR28","KMETSTVO":"VTR28-00","Mun_name":"Свищов"}},{"type":"Feature","id":228,"geometry":{"type":"Point","coordinates":[25.170766590405066,43.186874678128603]},"properties":{"FID":228,"EKATTE":"70295","Suffix_bg":"гр","Name_bg":"Сухиндол","Descr_bg":"град","Suffix_en":"t.","Name_en":"Suhindol","Descr_en":"town","District_c":"VTR","Mun_code":"VTR32","KMETSTVO":"VTR32-00","Mun_name":"Сухиндол"}},{"type":"Feature","id":229,"geometry":{"type":"Point","coordinates":[25.094470000071663,43.020739483688651]},"properties":{"FID":229,"EKATTE":"65927","Suffix_bg":"гр","Name_bg":"Севлиево","Descr_bg":"град","Suffix_en":"t.","Name_en":"Sevlievo","Descr_en":"town","District_c":"GAB","Mun_code":"GAB29","KMETSTVO":"GAB29-00","Mun_name":"Севлиево"}},{"type":"Feature","id":230,"geometry":{"type":"Point","coordinates":[25.307386474735988,43.237528125483081]},"properties":{"FID":230,"EKATTE":"55052","Suffix_bg":"гр","Name_bg":"Павликени","Descr_bg":"град","Suffix_en":"t.","Name_en":"Pavlikeni","Descr_en":"town","District_c":"VTR","Mun_code":"VTR22","KMETSTVO":"VTR22-00","Mun_name":"Павликени"}},{"type":"Feature","id":231,"geometry":{"type":"Point","coordinates":[25.310578281621076,43.20506771450421]},"properties":{"FID":231,"EKATTE":"07716","Suffix_bg":"гр","Name_bg":"Бяла черква","Descr_bg":"град","Suffix_en":"t.","Name_en":"Byala cherkva","Descr_en":"town","District_c":"VTR","Mun_code":"VTR22","KMETSTVO":"VTR22-03","Mun_name":"Павликени"}},{"type":"Feature","id":232,"geometry":{"type":"Point","coordinates":[26.811519507499796,42.150435803145996]},"properties":{"FID":232,"EKATTE":"05284","Suffix_bg":"гр","Name_bg":"Болярово","Descr_bg":"град","Suffix_en":"t.","Name_en":"Bolyarovo","Descr_en":"town","District_c":"JAM","Mun_code":"JAM03","KMETSTVO":"JAM03-00","Mun_name":"Болярово"}},{"type":"Feature","id":233,"geometry":{"type":"Point","coordinates":[27.941605154316772,42.099657850953932]},"properties":{"FID":233,"EKATTE":"00878","Suffix_bg":"гр","Name_bg":"Ахтопол","Descr_bg":"град","Suffix_en":"t.","Name_en":"Ahtopol","Descr_en":"town","District_c":"BGS","Mun_code":"BGS13","KMETSTVO":"BGS13-01","Mun_name":"Царево"}},{"type":"Feature","id":234,"geometry":{"type":"Point","coordinates":[27.848340825892102,42.170173658620861]},"properties":{"FID":234,"EKATTE":"48619","Suffix_bg":"гр","Name_bg":"Царево","Descr_bg":"град","Suffix_en":"t.","Name_en":"Tsarevo","Descr_en":"town","District_c":"BGS","Mun_code":"BGS13","KMETSTVO":"BGS13-00","Mun_name":"Царево"}},{"type":"Feature","id":235,"geometry":{"type":"Point","coordinates":[27.75753286598318,42.266840921427537]},"properties":{"FID":235,"EKATTE":"58356","Suffix_bg":"гр","Name_bg":"Приморско","Descr_bg":"град","Suffix_en":"t.","Name_en":"Primorsko","Descr_en":"town","District_c":"BGS","Mun_code":"BGS27","KMETSTVO":"BGS27-00","Mun_name":"Приморско"}},{"type":"Feature","id":236,"geometry":{"type":"Point","coordinates":[27.774224758283875,42.234679761920546]},"properties":{"FID":236,"EKATTE":"37023","Suffix_bg":"гр","Name_bg":"Китен","Descr_bg":"град","Suffix_en":"t.","Name_en":"Kiten","Descr_en":"town","District_c":"BGS","Mun_code":"BGS27","KMETSTVO":"BGS27-04","Mun_name":"Приморско"}},{"type":"Feature","id":237,"geometry":{"type":"Point","coordinates":[27.524269220501569,41.980595059615965]},"properties":{"FID":237,"EKATTE":"46663","Suffix_bg":"гр","Name_bg":"Малко Търново","Descr_bg":"град","Suffix_en":"t.","Name_en":"Malko Tarnovo","Descr_en":"town","District_c":"BGS","Mun_code":"BGS12","KMETSTVO":"BGS12-00","Mun_name":"Малко Търн"}},{"type":"Feature","id":238,"geometry":{"type":"Point","coordinates":[26.081028696086431,41.844496159066743]},"properties":{"FID":238,"EKATTE":"44570","Suffix_bg":"гр","Name_bg":"Любимец","Descr_bg":"град","Suffix_en":"t.","Name_en":"Lyubimets","Descr_en":"town","District_c":"HKV","Mun_code":"HKV17","KMETSTVO":"HKV17-00","Mun_name":"Любимец"}},{"type":"Feature","id":239,"geometry":{"type":"Point","coordinates":[26.20297608283553,41.76524301327018]},"properties":{"FID":239,"EKATTE":"65677","Suffix_bg":"гр","Name_bg":"Свиленград","Descr_bg":"град","Suffix_en":"t.","Name_en":"Svilengrad","Descr_en":"town","District_c":"HKV","Mun_code":"HKV28","KMETSTVO":"HKV28-00","Mun_name":"Свиленград"}},{"type":"Feature","id":240,"geometry":{"type":"Point","coordinates":[25.555560312295821,41.934650391251637]},"properties":{"FID":240,"EKATTE":"77195","Suffix_bg":"гр","Name_bg":"Хасково","Descr_bg":"град","Suffix_en":"t.","Name_en":"Haskovo","Descr_en":"town","District_c":"HKV","Mun_code":"HKV34","KMETSTVO":"HKV34-00","Mun_name":"Хасково"}},{"type":"Feature","id":241,"geometry":{"type":"Point","coordinates":[25.918288310905798,41.923801665377333]},"properties":{"FID":241,"EKATTE":"77181","Suffix_bg":"гр","Name_bg":"Харманли","Descr_bg":"град","Suffix_en":"t.","Name_en":"Harmanli","Descr_en":"town","District_c":"HKV","Mun_code":"HKV33","KMETSTVO":"HKV33-00","Mun_name":"Харманли"}},{"type":"Feature","id":242,"geometry":{"type":"Point","coordinates":[25.860653259348638,41.632923080294276]},"properties":{"FID":242,"EKATTE":"46084","Suffix_bg":"гр","Name_bg":"Маджарово","Descr_bg":"град","Suffix_en":"t.","Name_en":"Madzharovo","Descr_en":"town","District_c":"HKV","Mun_code":"HKV18","KMETSTVO":"HKV18-00","Mun_name":"Маджарово"}},{"type":"Feature","id":243,"geometry":{"type":"Point","coordinates":[26.124133647213473,41.527121757349029]},"properties":{"FID":243,"EKATTE":"32024","Suffix_bg":"гр","Name_bg":"Ивайловград","Descr_bg":"град","Suffix_en":"t.","Name_en":"Ivaylovgrad","Descr_en":"town","District_c":"HKV","Mun_code":"HKV11","KMETSTVO":"HKV11-00","Mun_name":"Ивайловгра"}},{"type":"Feature","id":244,"geometry":{"type":"Point","coordinates":[27.470179125924382,42.502964826763858]},"properties":{"FID":244,"EKATTE":"07079","Suffix_bg":"гр","Name_bg":"Бургас","Descr_bg":"град","Suffix_en":"t.","Name_en":"Burgas","Descr_en":"town","District_c":"BGS","Mun_code":"BGS04","KMETSTVO":"BGS04-00","Mun_name":"Бургас"}},{"type":"Feature","id":245,"geometry":{"type":"Point","coordinates":[25.330429727781326,42.198130191173611]},"properties":{"FID":245,"EKATTE":"81414","Suffix_bg":"гр","Name_bg":"Чирпан","Descr_bg":"град","Suffix_en":"t.","Name_en":"Chirpan","Descr_en":"town","District_c":"SZR","Mun_code":"SZR36","KMETSTVO":"SZR36-00","Mun_name":"Чирпан"}},{"type":"Feature","id":246,"geometry":{"type":"Point","coordinates":[25.477105927264549,42.979018722697482]},"properties":{"FID":246,"EKATTE":"23947","Suffix_bg":"гр","Name_bg":"Дряново","Descr_bg":"град","Suffix_en":"t.","Name_en":"Dryanovo","Descr_en":"town","District_c":"GAB","Mun_code":"GAB12","KMETSTVO":"GAB12-00","Mun_name":"Дряново"}},{"type":"Feature","id":247,"geometry":{"type":"Point","coordinates":[25.317840084712909,42.874242230521951]},"properties":{"FID":247,"EKATTE":"14218","Suffix_bg":"гр","Name_bg":"Габрово","Descr_bg":"град","Suffix_en":"t.","Name_en":"Gabrovo","Descr_en":"town","District_c":"GAB","Mun_code":"GAB05","KMETSTVO":"GAB05-00","Mun_name":"Габрово"}},{"type":"Feature","id":248,"geometry":{"type":"Point","coordinates":[25.491911652981123,42.86610130781358]},"properties":{"FID":248,"EKATTE":"73403","Suffix_bg":"гр","Name_bg":"Трявна","Descr_bg":"град","Suffix_en":"t.","Name_en":"Tryavna","Descr_en":"town","District_c":"GAB","Mun_code":"GAB35","KMETSTVO":"GAB35-00","Mun_name":"Трявна"}},{"type":"Feature","id":249,"geometry":{"type":"Point","coordinates":[25.483233486313701,42.825481710103219]},"properties":{"FID":249,"EKATTE":"56719","Suffix_bg":"гр","Name_bg":"Плачковци","Descr_bg":"град","Suffix_en":"t.","Name_en":"Plachkovtsi","Descr_en":"town","District_c":"GAB","Mun_code":"GAB35","KMETSTVO":"GAB35-04","Mun_name":"Трявна"}},{"type":"Feature","id":250,"geometry":{"type":"Point","coordinates":[25.333184009369756,42.712699293321073]},"properties":{"FID":250,"EKATTE":"83199","Suffix_bg":"гр","Name_bg":"Шипка","Descr_bg":"град","Suffix_en":"t.","Name_en":"Shipka","Descr_en":"town","District_c":"SZR","Mun_code":"SZR12","KMETSTVO":"SZR12-18","Mun_name":"Казанлък"}},{"type":"Feature","id":251,"geometry":{"type":"Point","coordinates":[25.209542742936915,42.594982078693029]},"properties":{"FID":251,"EKATTE":"55021","Suffix_bg":"гр","Name_bg":"Павел баня","Descr_bg":"град","Suffix_en":"t.","Name_en":"Pavel banya","Descr_en":"town","District_c":"SZR","Mun_code":"SZR24","KMETSTVO":"SZR24-00","Mun_name":"Павел баня"}},{"type":"Feature","id":252,"geometry":{"type":"Point","coordinates":[25.393237599267636,42.618747695711676]},"properties":{"FID":252,"EKATTE":"35167","Suffix_bg":"гр","Name_bg":"Казанлък","Descr_bg":"град","Suffix_en":"t.","Name_en":"Kazanlak","Descr_en":"town","District_c":"SZR","Mun_code":"SZR12","KMETSTVO":"SZR12-00","Mun_name":"Казанлък"}}]}